伝票番号,日付 yyyy/MM/dd（必須）,借方科目コード（必須）,借方科目名称,借方補助科目コード,借方補助科目名称,借方金額（必須）,借方税額,借方税率,借方税区分,借方課非区分,借方部門コード,借方部門名称,貸方科目コード（必須）,貸方科目名称,貸方補助科目コード,貸方補助科目名称,貸方金額（必須）,貸方税額,貸方税率,貸方税区分,貸方課非区分,貸方部門コード,貸方部門名称,摘要
,2014/01/31,166,売掛金,,,312000,0,0.0,内税,,,,511,売上高,,,297143,14857,5.0,内税,11.0,,,㈱リョウテック
,2014/02/28,166,売掛金,,,156000,0,0.0,内税,,,,511,売上高,,,148572,7428,5.0,内税,11.0,,,㈱リョウテック
,2014/03/30,166,売掛金,,,52500,0,0.0,内税,,,,511,売上高,,,50000,2500,5.0,内税,11.0,,,㈱リョウテック
,2014/02/28,166,売掛金,,,1119300,0,0.0,内税,,,,511,売上高,,,1066000,53300,5.0,内税,11.0,,,合同会社ＲＩＳＥ
,2014/03/01,166,売掛金,,,75000,0,0.0,内税,,,,511,売上高,,,71429,3571,5.0,内税,11.0,,,ＧＲＩＰ＆Ｃｏ.
,2014/04/30,166,売掛金,,,175000,0,0.0,内税,,,,511,売上高,,,162038,12962,8.0,内税,11.0,,,ＧＲＩＰ＆Ｃｏ.
,2014/05/31,166,売掛金,,,150000,0,,内税,,,,511,売上高,,,138889,11111,8.0,内税,11.0,,,ＧＲＩＰ＆Ｃｏ.
,2014/06/30,166,売掛金,,,75000,0,,内税,,,,511,売上高,,,69445,5555,8.0,内税,11.0,,,ＧＲＩＰ＆Ｃｏ.
,2014/04/08,166,売掛金,,,605880,0,0.0,内税,,,,511,売上高,,,577029,28851,5.0,内税,11.0,,,ディ・リンクス㈱
,2014/02/14,166,売掛金,,,200000,0,0.0,内税,,,,511,売上高,,,190477,9523,5.0,内税,11.0,,,㈱東京デザイン工房
,2014/05/31,166,売掛金,,,3500000,0,,内税,,,,511,売上高,,,3240741,259259,8.0,内税,11.0,,,㈱ＵＮＩＯＮ
,2014/01/06,101,現金,,,100000,0,0.0,内税,,,,122,みずほ中目黒,,,100000,0,0.0,内税,,,,弓削学
,2014/01/13,101,現金,,,35000,0,0.0,内税,,,,122,みずほ中目黒,,,35000,0,0.0,内税,,,,弓削学
,2014/01/13,733,支払手数料,,,200,10,5.0,内税,31.0,,,122,みずほ中目黒,,,210,0,0.0,内税,,,,弓削学
,2014/01/27,189,事業主貸,,,750000,0,0.0,内税,0.0,,,122,みずほ中目黒,,,750000,0,0.0,内税,,,,弓削学
,2014/01/27,733,支払手数料,,,400,20,5.0,内税,31.0,,,122,みずほ中目黒,,,420,0,0.0,内税,,,,振込手数料　㈱リョウテック
,2014/01/27,726,接待交際費,,,6381,319,5.0,内税,31.0,,,122,みずほ中目黒,,,6700,0,0.0,内税,,,,タカハシメグミ
,2014/01/27,733,支払手数料,,,200,10,5.0,内税,31.0,,,122,みずほ中目黒,,,210,0,0.0,内税,,,,振込手数料　タカハシメグミ
,2014/02/14,122,みずほ中目黒,,,200000,0,,内税,,,,166,売掛金,,,200000,0,,内税,,,,㈱東京デザイン工房
,2014/02/16,101,現金,,,215000,0,0.0,内税,,,,122,みずほ中目黒,,,215000,0,0.0,内税,,,,弓削学
,2014/02/16,733,支払手数料,,,100,5,5.0,内税,31.0,,,122,みずほ中目黒,,,105,0,0.0,内税,,,,弓削学
,2014/02/17,122,みずほ中目黒,,,11,0,0.0,内税,,,,327,事業主借,,,11,0,0.0,内税,,,,弓削学
,2014/03/31,122,みずほ中目黒,,,500000,0,,内税,,,,166,売掛金,,,500000,0,,内税,,,,合同会社ＲＩＳＥ
,2014/03/31,531,外注費,,,95000,4750,5.0,内税,31.0,,,122,みずほ中目黒,,,99750,0,0.0,内税,,,,日の出　アネスト㈱　改修工事
,2014/03/31,733,支払手数料,,,400,20,5.0,内税,31.0,,,122,みずほ中目黒,,,420,0,0.0,内税,,,,振込手数料　アネスト㈱
,2014/03/31,531,外注費,,,96191,4809,5.0,内税,31.0,,,122,みずほ中目黒,,,101000,0,0.0,内税,,,,日の出　㈲コバヤシ看板　ダイノック貼り
,2014/03/31,733,支払手数料,,,200,10,5.0,内税,31.0,,,122,みずほ中目黒,,,210,0,0.0,内税,,,,振込手数料　㈲コバヤシ看板
,2014/03/31,531,外注費,,,165000,8250,5.0,内税,31.0,,,122,みずほ中目黒,,,173250,0,0.0,内税,,,,日の出　アマキミツヒデ　ダイノック貼り
,2014/03/31,733,支払手数料,,,200,10,5.0,内税,31.0,,,122,みずほ中目黒,,,210,0,0.0,内税,,,,振込手数料　アマキミツヒデ
,2014/03/31,189,事業主貸,,,125000,0,0.0,内税,,,,122,みずほ中目黒,,,125000,0,0.0,内税,,,,弓削学
,2014/04/03,122,みずほ中目黒,,,10000,0,0.0,内税,,,,327,事業主借,,,10000,0,0.0,内税,,,,弓削学
,2014/04/03,613,材料仕入,,,7939,635,8.0,内税,31.0,,,122,みずほ中目黒,,,8574,0,0.0,内税,,,,吉祥寺　レーベル㈱　ビス他
,2014/04/03,733,支払手数料,,,100,8,8.0,内税,31.0,,,122,みずほ中目黒,,,108,0,0.0,内税,,,,振込手数料　レーベル㈱
,2014/04/04,122,みずほ中目黒,,,75000,0,0.0,内税,,,,166,売掛金,,,75000,0,0.0,内税,,,,ＧＲＩＰ＆Ｃｏ.
,2014/04/04,101,現金,,,50000,0,0.0,内税,,,,122,みずほ中目黒,,,50000,0,0.0,内税,,,,弓削学
,2014/04/06,101,現金,,,10000,0,0.0,内税,,,,122,みずほ中目黒,,,10000,0,0.0,内税,,,,弓削学
,2014/04/06,733,支払手数料,,,100,8,8.0,内税,31.0,,,122,みずほ中目黒,,,108,0,0.0,内税,,,,弓削学
,2014/04/10,122,みずほ中目黒,,,619300,0,,内税,,,,166,売掛金,,,619300,0,,内税,,,,合同会社ＲＩＳＥ
,2014/04/10,531,外注費,,,271056,21684,8.0,内税,31.0,,,122,みずほ中目黒,,,292740,0,0.0,内税,,,,日の出　ワタナベ工務店　家具工事
,2014/04/10,733,支払手数料,,,400,32,8.0,内税,31.0,,,122,みずほ中目黒,,,432,0,0.0,内税,,,,振込手数料　ワタナベ工務店
,2014/04/10,733,支払手数料,,,48612,3888,8.0,内税,31.0,,,122,みずほ中目黒,,,52500,0,,内税,,,,さくら中央税理士法人　確定申告書作成報酬
,2014/04/10,733,支払手数料,,,200,16,8.0,内税,31.0,,,122,みずほ中目黒,,,216,0,,内税,,,,振込手数料　さくら中央税理士法人
,2014/04/11,101,現金,,,20000,0,0.0,内税,,,,122,みずほ中目黒,,,20000,0,0.0,内税,,,,弓削学
,2014/04/15,101,現金,,,150000,0,0.0,内税,,,,122,みずほ中目黒,,,150000,0,0.0,内税,,,,弓削学
,2014/04/30,122,みずほ中目黒,,,605880,0,0.0,内税,,,,166,売掛金,,,605880,0,0.0,内税,,,,ディ・リンクス㈱　　売掛金回収
,2014/05/03,101,現金,,,150000,0,0.0,内税,,,,122,みずほ中目黒,,,150000,0,0.0,内税,,,,弓削学
,2014/05/03,733,支払手数料,,,200,16,8.0,内税,31.0,,,122,みずほ中目黒,,,216,0,0.0,内税,,,,弓削学
,2014/05/07,101,現金,,,70000,0,0.0,内税,,,,122,みずほ中目黒,,,70000,0,0.0,内税,,,,テイケイイオン
,2014/05/07,733,支払手数料,,,400,32,8.0,内税,31.0,,,122,みずほ中目黒,,,432,0,0.0,内税,,,,振込手数料　テイケイイオン
,2014/05/08,101,現金,,,70000,0,0.0,内税,,,,122,みずほ中目黒,,,70000,0,0.0,内税,,,,弓削学
,2014/05/09,531,外注費,,,66112,5288,8.0,内税,31.0,,,122,みずほ中目黒,,,71400,0,0.0,内税,,,,日の出　ＡＣＴオバナサトシ　引渡し清掃
,2014/05/09,733,支払手数料,,,400,32,8.0,内税,31.0,,,122,みずほ中目黒,,,432,0,0.0,内税,,,,振込手数料　ＡＣＴオバナサトシ
,2014/05/09,531,外注費,,,33500,2680,8.0,内税,31.0,,,122,みずほ中目黒,,,36180,0,0.0,内税,,,,吉祥寺　ＡＫＡＧＩ建装　トイレクロス貼り
,2014/05/09,733,支払手数料,,,400,32,8.0,内税,31.0,,,122,みずほ中目黒,,,432,0,0.0,内税,,,,振込手数料　ＡＫＡＧＩ建装
,2014/05/09,531,外注費,,,4676,374,8.0,内税,31.0,,,122,みずほ中目黒,,,5050,0,0.0,内税,,,,日の出　㈲コバヤシ看板　ダイノック貼り
,2014/05/09,733,支払手数料,,,100,8,8.0,内税,31.0,,,122,みずほ中目黒,,,108,0,0.0,内税,,,,振込手数料　㈲コバヤシ看板
,2014/05/09,101,現金,,,120000,0,0.0,内税,,,,122,みずほ中目黒,,,120000,0,0.0,内税,,,,弓削学
,2014/05/17,101,現金,,,24000,0,0.0,内税,,,,122,みずほ中目黒,,,24000,0,0.0,内税,,,,弓削学
,2014/05/17,733,支払手数料,,,100,8,8.0,内税,31.0,,,122,みずほ中目黒,,,108,0,0.0,内税,,,,弓削学
,2014/05/23,101,現金,,,30000,0,0.0,内税,,,,122,みずほ中目黒,,,30000,0,0.0,内税,,,,弓削学
,2014/05/23,733,支払手数料,,,100,8,8.0,内税,31.0,,,122,みずほ中目黒,,,108,0,0.0,内税,,,,弓削学
,2014/05/30,122,みずほ中目黒,,,3500000,0,,内税,,,,166,売掛金,,,3500000,0,,内税,,,,㈱ＵＮＩＯＮ
,2014/05/30,531,外注費,,,330000,26400,8.0,内税,31.0,,,122,みずほ中目黒,,,356400,0,0.0,内税,,,,ワタナベ工務店
,2014/05/30,733,支払手数料,,,500,40,8.0,内税,31.0,,,122,みずほ中目黒,,,540,0,0.0,内税,,,,振込手数料　ワタナベ工務店
,2014/05/30,101,現金,,,20000,0,0.0,内税,,,,122,みずほ中目黒,,,20000,0,0.0,内税,,,,弓削学
,2014/05/30,733,支払手数料,,,100,8,8.0,内税,31.0,,,122,みずほ中目黒,,,108,0,0.0,内税,,,,弓削学
,2014/06/02,101,現金,,,500000,0,0.0,内税,,,,122,みずほ中目黒,,,500000,0,0.0,内税,,,,弓削学
,2014/06/02,733,支払手数料,,,100,8,8.0,内税,31.0,,,122,みずほ中目黒,,,108,0,0.0,内税,,,,弓削学
,2014/06/04,122,みずほ中目黒,,,175000,0,,内税,,,,166,売掛金,,,175000,0,,内税,,,,ＧＲＩＰ＆Ｃｏ.
,2014/06/05,613,材料仕入,,,70500,5640,8.0,内税,31.0,,,122,みずほ中目黒,,,76140,0,0.0,内税,,,,ＵＮＩ　トシン電機㈱　ＬＥＤ誘導灯
,2014/06/05,733,支払手数料,,,400,32,8.0,内税,31.0,,,122,みずほ中目黒,,,432,0,0.0,内税,,,,振込手数料　トシン電機㈱
,2014/06/05,189,事業主貸,,,48000,0,0.0,内税,,,,122,みずほ中目黒,,,48000,0,0.0,内税,,,,弓削学　㈱総合資格学院　学費
,2014/06/05,189,事業主貸,,,216,0,0.0,内税,,,,122,みずほ中目黒,,,216,0,0.0,内税,,,,振込手数料　㈱総合資格学院
,2014/06/06,531,外注費,,,480000,38400,8.0,内税,31.0,,,122,みずほ中目黒,,,518400,0,0.0,内税,,,,ＵＮＩ　㈱関東ファニチャー
,2014/06/06,733,支払手数料,,,200,16,8.0,内税,31.0,,,122,みずほ中目黒,,,216,0,0.0,内税,,,,振込手数料　㈱関東ファニチャー
,2014/06/06,101,現金,,,150000,0,0.0,内税,,,,122,みずほ中目黒,,,150000,0,0.0,内税,,,,弓削学
,2014/06/11,101,現金,,,50000,0,0.0,内税,,,,122,みずほ中目黒,,,50000,0,0.0,内税,,,,弓削学
,2014/06/11,189,事業主貸,,,216,0,,内税,,,,122,みずほ中目黒,,,216,0,,内税,,,,弓削学
,2014/06/14,189,事業主貸,,,30957,0,0.0,内税,,,,122,みずほ中目黒,,,30957,0,0.0,内税,,,,㈱オリエントコーポレーション
,2014/06/14,189,事業主貸,,,324,0,,内税,,,,122,みずほ中目黒,,,324,0,,内税,,,,振込手数料　㈱オリエントコーポレーション
,2014/06/17,101,現金,,,200000,0,0.0,内税,,,,122,みずほ中目黒,,,200000,0,0.0,内税,,,,弓削学
,2014/06/17,189,事業主貸,,,108,0,,内税,,,,122,みずほ中目黒,,,108,0,,内税,,,,弓削学
,2014/06/18,613,材料仕入,,,42000,3360,8.0,内税,31.0,,,122,みずほ中目黒,,,45360,0,0.0,内税,,,,ＵＮＩ　㈲フレームショップタク　額縁代
,2014/06/18,733,支払手数料,,,500,40,8.0,内税,31.0,,,122,みずほ中目黒,,,540,0,0.0,内税,,,,振込手数料　㈲フレームショップタク
,2014/06/21,101,現金,,,1000000,0,0.0,内税,,,,122,みずほ中目黒,,,1000000,0,0.0,内税,,,,弓削学
,2014/06/21,733,支払手数料,,,100,8,8.0,内税,31.0,,,122,みずほ中目黒,,,108,0,0.0,内税,,,,弓削学
,2014/06/24,122,みずほ中目黒,,,38054,0,0.0,内税,,,,613,材料仕入,,,35236,2818,8.0,内税,31.0,,,ＵＮＩ　岐阜の木工屋
,2014/06/25,613,材料仕入,,,42000,3360,8.0,内税,31.0,,,122,みずほ中目黒,,,45360,0,0.0,内税,,,,ＵＮＩ　㈲フレームショップタク　額縁代
,2014/06/25,733,支払手数料,,,400,32,8.0,内税,31.0,,,122,みずほ中目黒,,,432,0,0.0,内税,,,,振込手数料　㈲フレームショップタク
,2014/06/25,531,外注費,,,52000,4160,8.0,内税,31.0,,,122,みずほ中目黒,,,56160,0,0.0,内税,,,,ＵＮＩ　㈲照和　電気改修工事
,2014/06/25,733,支払手数料,,,400,32,8.0,内税,31.0,,,122,みずほ中目黒,,,432,0,0.0,内税,,,,振込手数料　㈲照和
,2014/04/04,124,目黒信用金庫,,,1000,0,,内税,,,,101,現金,,,1000,0,,内税,,,,口座開設
,2014/07/04,124,目黒信用金庫,,,2000000,0,,内税,,,,352,長期借入金,1.0,目黒信金200万口,2000000,0,,内税,,,,目黒信金200万口
,2014/07/04,725,租税公課,99.0,他：,6200,0,,内税,,,,124,目黒信用金庫,,,6200,0,,内税,,,,他：印紙代
,2014/07/04,244,長期前払費用,,,22000,0,,内税,,,,124,目黒信用金庫,,,22000,0,,内税,,,,東京信用保証協会　信用保証料
,2014/01/01,121,みずほ恵比寿,,,100000,0,0.0,内税,,,,101,現金,,,100000,0,0.0,内税,,,,弓削学
,2014/01/01,189,事業主貸,,,210,0,,内税,,,,121,みずほ恵比寿,,,210,0,,内税,,,,弓削学
,2014/01/08,101,現金,,,29000,0,0.0,内税,,,,121,みずほ恵比寿,,,29000,0,0.0,内税,,,,弓削学
,2014/01/08,189,事業主貸,,,105,0,,内税,,,,121,みずほ恵比寿,,,105,0,,内税,,,,弓削学
,2014/02/06,121,みずほ恵比寿,,,311580,0,0.0,内税,,,,166,売掛金,,,311580,0,0.0,内税,,,,㈱リョウテック
,2014/02/06,733,支払手数料,,,400,20,5.0,内税,31.0,,,166,売掛金,,,420,0,0.0,内税,,,,振込手数料　㈱リョウテック
,2014/02/06,101,現金,,,100000,0,0.0,内税,,,,121,みずほ恵比寿,,,100000,0,0.0,内税,,,,弓削学
,2014/02/06,101,現金,,,50000,0,0.0,内税,,,,121,みずほ恵比寿,,,50000,0,0.0,内税,,,,弓削学
,2014/02/07,101,現金,,,60000,0,0.0,内税,,,,121,みずほ恵比寿,,,60000,0,0.0,内税,,,,弓削学
,2014/02/07,189,事業主貸,,,105,0,0.0,内税,,,,121,みずほ恵比寿,,,105,0,0.0,内税,,,,弓削学
,2014/02/10,101,現金,,,20000,0,0.0,内税,,,,121,みずほ恵比寿,,,20000,0,0.0,内税,,,,弓削学
,2014/02/10,189,事業主貸,,,105,0,,内税,,,,121,みずほ恵比寿,,,105,0,,内税,,,,弓削学
,2014/02/17,121,みずほ恵比寿,,,1,0,,内税,,,,327,事業主借,,,1,0,,内税,,,,弓削学
,2014/02/19,121,みずほ恵比寿,,,11441,0,0.0,内税,,,,327,事業主借,,,11441,0,0.0,内税,,,,㈱リョウテック　　借入金
,2014/02/21,101,現金,,,20000,0,0.0,内税,,,,121,みずほ恵比寿,,,20000,0,0.0,内税,,,,弓削学
,2014/02/21,189,事業主貸,,,105,0,,内税,,,,121,みずほ恵比寿,,,105,0,,内税,,,,弓削学
,2014/03/04,101,現金,,,2000,0,0.0,内税,,,,121,みずほ恵比寿,,,2000,0,0.0,内税,,,,弓削学
,2014/03/04,189,事業主貸,,,105,0,,内税,,,,121,みずほ恵比寿,,,105,0,,内税,,,,弓削学
,2014/03/10,121,みずほ恵比寿,,,70000,0,0.0,内税,,,,101,現金,,,70000,0,0.0,内税,,,,弓削学
,2014/03/19,121,みずほ恵比寿,,,15000,0,,内税,,,,327,事業主借,,,15000,0,,内税,,,,㈱イロリ
,2014/03/19,101,現金,,,15000,0,0.0,内税,,,,121,みずほ恵比寿,,,15000,0,0.0,内税,,,,弓削学
,2014/03/27,121,みずほ恵比寿,,,50000,0,0.0,内税,,,,101,現金,,,50000,0,0.0,内税,,,,弓削学
,2014/03/27,101,現金,,,49000,0,0.0,内税,,,,121,みずほ恵比寿,,,49000,0,0.0,内税,,,,弓削学
,2014/03/27,189,事業主貸,,,105,0,,内税,,,,121,みずほ恵比寿,,,105,0,,内税,,,,弓削学
,2014/04/07,121,みずほ恵比寿,,,52068,0,0.0,内税,,,,166,売掛金,,,52068,0,0.0,内税,,,,㈱リョウテック
,2014/04/09,101,現金,,,52000,0,0.0,内税,,,,121,みずほ恵比寿,,,52000,0,0.0,内税,,,,弓削学
,2014/04/09,189,事業主貸,,,108,0,,内税,,,,121,みずほ恵比寿,,,108,0,,内税,,,,弓削学
,2014/06/30,121,みずほ恵比寿,,,11000,0,0.0,内税,,,,101,現金,,,11000,0,0.0,内税,,,,弓削学
,2014/06/30,189,事業主貸,,,108,0,,内税,,,,121,みずほ恵比寿,,,108,0,,内税,,,,弓削学
,2014/06/30,189,事業主貸,,,11000,0,,内税,,,,121,みずほ恵比寿,,,11000,0,,内税,,,,シンジュクジム
,2014/06/30,189,事業主貸,,,216,0,0.0,内税,,,,121,みずほ恵比寿,,,216,0,0.0,内税,,,,振込手数料　シンジュクジム
1.0,2014/01/07,729,賃借料,,,66667,3333,5.0,内税,31.0,,,121,みずほ恵比寿,,,70000,0,0.0,内税,,,,ヨシカワショウジ
1.0,2014/01/07,189,事業主貸,,,40000,0,0.0,内税,,,,729,賃借料,,,38096,1904,5.0,内税,31.0,,,家事消費分の地代家賃
1.0,2014/01/07,733,支払手数料,,,400,20,5.0,内税,31.0,,,121,みずほ恵比寿,,,420,0,0.0,内税,,,,振込手数料　ヨシカワショウジ
2.0,2014/02/06,729,賃借料,,,66667,3333,5.0,内税,31.0,,,121,みずほ恵比寿,,,70000,0,0.0,内税,,,,ヨシカワショウジ
2.0,2014/02/06,189,事業主貸,,,40000,0,0.0,内税,,,,729,賃借料,,,38096,1904,5.0,内税,31.0,,,家事消費分の地代家賃
2.0,2014/02/06,733,支払手数料,,,400,20,5.0,内税,31.0,,,121,みずほ恵比寿,,,420,0,0.0,内税,,,,振込手数料　ヨシカワショウジ
3.0,2014/03/10,729,賃借料,,,66667,3333,5.0,内税,31.0,,,121,みずほ恵比寿,,,70000,0,0.0,内税,,,,ヨシカワショウジ
3.0,2014/03/10,189,事業主貸,,,40000,0,0.0,内税,,,,729,賃借料,,,38096,1904,5.0,内税,31.0,,,家事消費分の地代家賃
3.0,2014/03/10,733,支払手数料,,,400,20,5.0,内税,31.0,,,121,みずほ恵比寿,,,420,0,0.0,内税,,,,振込手数料　ヨシカワショウジ
4.0,2014/04/10,729,賃借料,,,64815,5185,8.0,内税,31.0,,,122,みずほ中目黒,,,70000,0,0.0,内税,,,,ヨシカワショウジ
4.0,2014/04/10,189,事業主貸,,,40000,0,0.0,内税,,,,729,賃借料,,,37038,2962,8.0,内税,31.0,,,家事消費分の地代家賃
4.0,2014/04/10,733,支払手数料,,,400,32,8.0,内税,31.0,,,122,みずほ中目黒,,,432,0,0.0,内税,,,,振込手数料　ヨシカワショウジ
5.0,2014/05/07,733,支払手数料,,,0,0,8.0,内税,31.0,,,327,事業主借,,,0,0,0.0,内税,,,,振込手数料　ヨシカワショウジ
6.0,2014/06/06,729,賃借料,,,64815,5185,8.0,内税,31.0,,,122,みずほ中目黒,,,70000,0,0.0,内税,,,,ヨシカワショウジ
6.0,2014/06/06,189,事業主貸,,,40000,0,0.0,内税,,,,729,賃借料,,,37038,2962,8.0,内税,31.0,,,家事消費分の地代家賃
6.0,2014/06/06,733,支払手数料,,,400,32,8.0,内税,31.0,,,122,みずほ中目黒,,,432,0,0.0,内税,,,,振込手数料　ヨシカワショウジ
,2014/01/01,123,三井住友,,,30000,0,0.0,内税,,,,101,現金,,,30000,0,0.0,内税,,,,弓削学
,2014/01/01,189,事業主貸,,,210,0,,内税,,,,123,三井住友,,,210,0,,内税,,,,弓削学
,2014/01/06,189,事業主貸,,,525,0,,内税,,,,123,三井住友,,,525,0,,内税,,,,ポケットカード
,2014/01/06,724,水道光熱費,,,3940,197,5.0,内税,31.0,,,123,三井住友,,,4137,0,0.0,内税,,,,11月～12月分東京都水道局　水道料金
,2014/01/06,723,通信費,,,21167,1058,5.0,内税,31.0,,,123,三井住友,,,22225,0,0.0,内税,,,,12月分㈱ＮＴＴドコモ　電話料金
,2014/01/31,189,事業主貸,,,3346,0,0.0,内税,,,,123,三井住友,,,3346,0,0.0,内税,,,,融資ご返済
,2014/02/16,123,三井住友,,,1000,0,0.0,内税,,,,327,事業主借,,,1000,0,0.0,内税,,,,弓削学
,2014/02/16,189,事業主貸,,,210,0,0.0,内税,,,,123,三井住友,,,210,0,0.0,内税,,,,弓削学
,2014/02/28,189,事業主貸,,,790,0,,内税,,,,123,三井住友,,,790,0,,内税,,,,融資ご返済
,2014/03/31,123,三井住友,,,5000,0,,内税,,,,327,事業主借,,,5000,0,,内税,,,,弓削学
,2014/03/31,189,事業主貸,,,5000,0,0.0,内税,,,,123,三井住友,,,5000,0,0.0,内税,,,,融資ご返済
,2014/04/10,123,三井住友,,,1000,0,,内税,,,,327,事業主借,,,1000,0,,内税,,,,弓削学
,2014/04/10,189,事業主貸,,,108,0,,内税,,,,123,三井住友,,,108,0,,内税,,,,弓削学
,2014/04/15,189,事業主貸,,,528,0,,内税,,,,123,三井住友,,,528,0,,内税,,,,ポケットカード
,2014/04/15,189,事業主貸,,,216,0,,内税,,,,123,三井住友,,,216,0,,内税,,,,振込手数料　ポケットカード
,2014/05/14,123,三井住友,,,4000,0,,内税,,,,327,事業主借,,,4000,0,,内税,,,,弓削学
,2014/05/14,189,事業主貸,,,108,0,,内税,,,,123,三井住友,,,108,0,,内税,,,,弓削学
,2014/05/15,189,事業主貸,,,2849,0,,内税,,,,123,三井住友,,,2849,0,,内税,,,,ポケットカード
,2014/06/02,189,事業主貸,,,1191,0,,内税,,,,123,三井住友,,,1191,0,,内税,,,,融資ご返済
,2014/06/06,123,三井住友,,,90895,0,0.0,内税,,,,101,現金,,,90895,0,0.0,内税,,,,弓削学
,2014/06/16,189,事業主貸,,,58355,0,,内税,,,,123,三井住友,,,58355,0,,内税,,,,ポケットカード
,2014/06/26,724,水道光熱費,,,3886,310,8.0,内税,31.0,,,123,三井住友,,,4196,0,0.0,内税,,,,5月～6月分東京都水道局　水道料金
,2014/04/07,733,支払手数料,,,400,32,8.0,内税,31.0,,,166,売掛金,,,432,0,0.0,内税,,,,振込手数料　㈱リョウテック
,2014/01/21,721,旅費交通費,,,934,46,5.0,内税,31.0,,,101,現金,,,980,0,,内税,,,,国際自動車㈱　タクシー代
,2014/01/24,721,旅費交通費,,,2858,142,5.0,内税,31.0,,,101,現金,,,3000,0,,内税,,,,東武鉄道　チャージ代
,2014/01/30,721,旅費交通費,,,2858,142,5.0,内税,31.0,,,101,現金,,,3000,0,,内税,,,,東京急行電鉄㈱　チャージ代
,2014/01/28,721,旅費交通費,,,248,12,5.0,内税,31.0,,,101,現金,,,260,0,0.0,内税,,,,ＴＯＣみなとみらい　駐車場代
,2014/01/27,721,旅費交通費,,,248,12,5.0,内税,31.0,,,101,現金,,,260,0,0.0,内税,,,,ＴＯＣみなとみらい　駐車場代
,2014/02/13,721,旅費交通費,,,1191,59,5.0,内税,31.0,,,101,現金,,,1250,0,,内税,,,,杉並交通㈱　タクシー代
,2014/02/28,721,旅費交通費,,,191,9,5.0,内税,31.0,,,101,現金,,,200,0,,内税,,,,三井のリパーク　駐車場代
,2014/02/09,721,旅費交通費,,,8305,415,5.0,内税,31.0,,,101,現金,,,8720,0,,内税,,,,三和交通㈱　タクシー代
,2014/02/20,721,旅費交通費,,,4762,238,5.0,内税,31.0,,,101,現金,,,5000,0,0.0,内税,,,,㈲光栄商事　プリペードカード入金
,2014/02/07,721,旅費交通費,,,4762,238,5.0,内税,31.0,,,101,現金,,,5000,0,,内税,,,,東京急行電鉄㈱　チャージ代
,2014/03/07,721,旅費交通費,,,1905,95,5.0,内税,31.0,,,101,現金,,,2000,0,0.0,内税,,,,ＪＲ東日本　チャージ代
,2014/03/05,721,旅費交通費,,,1905,95,5.0,内税,31.0,,,101,現金,,,2000,0,0.0,内税,,,,東京都交通局　チャージ代　ＳＦ
,2014/03/14,721,旅費交通費,,,953,47,5.0,内税,31.0,,,101,現金,,,1000,0,,内税,,,,東京急行電鉄㈱　チャージ代
,2014/03/15,721,旅費交通費,,,1905,95,5.0,内税,31.0,,,101,現金,,,2000,0,,内税,,,,東武鉄道　チャージ代
,2014/03/18,721,旅費交通費,,,953,47,5.0,内税,31.0,,,101,現金,,,1000,0,,内税,,,,横浜高速　チャージ代
,2014/03/19,721,旅費交通費,,,953,47,5.0,内税,31.0,,,101,現金,,,1000,0,,内税,,,,ＪＲ東日本　チャージ代
,2014/03/22,721,旅費交通費,,,953,47,5.0,内税,31.0,,,101,現金,,,1000,0,0.0,内税,,,,京成電鉄㈱　チャージ代　ＳＦ
,2014/03/24,721,旅費交通費,,,1905,95,5.0,内税,31.0,,,101,現金,,,2000,0,,内税,,,,東京急行電鉄㈱　チャージ代
,2014/03/26,721,旅費交通費,,,953,47,5.0,内税,31.0,,,101,現金,,,1000,0,,内税,,,,京王電鉄㈱　チャージ代
,2014/03/27,721,旅費交通費,,,2858,142,5.0,内税,31.0,,,101,現金,,,3000,0,0.0,内税,,,,京成電鉄㈱　チャージ代　ＳＦ
,2014/03/06,721,旅費交通費,,,677,33,5.0,内税,31.0,,,101,現金,,,710,0,0.0,内税,,,,㈱グリーンキャブ　タクシー代
,2014/04/10,721,旅費交通費,,,2778,222,8.0,内税,31.0,,,101,現金,,,3000,0,0.0,内税,,,,東京都交通局　チャージ代　ＳＦ
,2014/04/03,721,旅費交通費,,,2778,222,8.0,内税,31.0,,,101,現金,,,3000,0,,内税,,,,京王電鉄㈱　チャージ代
,2014/05/24,721,旅費交通費,,,926,74,8.0,内税,31.0,,,101,現金,,,1000,0,0.0,内税,,,,横浜高速鉄道㈱　チャージ代
,2014/05/20,721,旅費交通費,,,1852,148,8.0,内税,31.0,,,101,現金,,,2000,0,0.0,内税,,,,東京急行電鉄㈱　チャージ代
,2014/04/30,721,旅費交通費,,,760,60,8.0,内税,31.0,,,101,現金,,,820,0,,内税,,,,鳩タクシー㈱　タクシー代
,2014/05/08,721,旅費交通費,,,5778,462,8.0,内税,31.0,,,101,現金,,,6240,0,,内税,,,,北越急行㈱　乗車券代
,2014/05/08,721,旅費交通費,,,760,60,8.0,内税,31.0,,,101,現金,,,820,0,,内税,,,,小田急交通㈱　タクシー代
,2014/06/13,721,旅費交通費,,,926,74,8.0,内税,31.0,,,101,現金,,,1000,0,,内税,,,,東京地下鉄㈱　チャージ代
,2014/06/20,721,旅費交通費,,,926,74,8.0,内税,31.0,,,101,現金,,,1000,0,,内税,,,,京浜急行電鉄㈱　チャージ代
,2014/06/02,721,旅費交通費,,,2778,222,8.0,内税,31.0,,,101,現金,,,3000,0,,内税,,,,東京急行電鉄㈱　チャージ代
,2014/06/19,721,旅費交通費,,,7926,634,8.0,内税,31.0,,,101,現金,,,8560,0,,内税,,,,東京ＭＫタクシー　タクシー代
,2014/06/20,721,旅費交通費,,,2465,197,8.0,内税,31.0,,,101,現金,,,2662,0,0.0,内税,,,,㈱重実石油店　ガソリン代
,2014/06/21,721,旅費交通費,,,1852,148,8.0,内税,31.0,,,101,現金,,,2000,0,,内税,,,,京王電鉄㈱　チャージ代
,2014/06/22,721,旅費交通費,,,1176,94,8.0,内税,31.0,,,101,現金,,,1270,0,,内税,,,,三信交通㈱　タクシー代
,2014/06/28,721,旅費交通費,,,926,74,8.0,内税,31.0,,,101,現金,,,1000,0,,内税,,,,東京地下鉄㈱　チャージ代
,2014/06/09,721,旅費交通費,,,1843,147,8.0,内税,31.0,,,101,現金,,,1990,0,,内税,,,,㈱京浜キャブシステム　タクシー代
,2014/06/12,721,旅費交通費,,,2260,180,8.0,内税,31.0,,,101,現金,,,2440,0,,内税,,,,東京ヤサカ自動車㈱　タクシー代
,2014/06/09,721,旅費交通費,,,1426,114,8.0,内税,31.0,,,101,現金,,,1540,0,,内税,,,,㈱京浜キャブシステム　タクシー代
,2014/07/02,721,旅費交通費,,,4630,370,8.0,内税,31.0,,,101,現金,,,5000,0,,内税,,,,東京急行電鉄㈱　チャージ代
,2014/07/02,721,旅費交通費,,,2426,194,8.0,内税,31.0,,,101,現金,,,2620,0,,内税,,,,河野タクシー　タクシー代
,2014/07/07,721,旅費交通費,,,1093,87,8.0,内税,31.0,,,101,現金,,,1180,0,,内税,,,,京王自動車㈱　タクシー代
,2014/02/07,723,通信費,,,4406,220,5.0,内税,31.0,,,101,現金,,,4626,0,0.0,内税,,,,１月分ＮＴＴファイナンス㈱　電話料金
,2014/02/06,723,通信費,,,4406,220,5.0,内税,31.0,,,101,現金,,,4626,0,0.0,内税,,,,12月分ＮＴＴファイナンス㈱　電話料金
,2014/03/04,723,通信費,,,20489,1024,5.0,内税,31.0,,,101,現金,,,21513,0,0.0,内税,,,,１月分㈱ＮＴＴドコモ　電話料金
,2014/03/27,723,通信費,,,19287,964,5.0,内税,31.0,,,101,現金,,,20251,0,0.0,内税,,,,２月分㈱ＮＴＴドコモ　電話料金
,2014/04/15,723,通信費,,,24827,1986,8.0,内税,31.0,,,101,現金,,,26813,0,0.0,内税,,,,３月分㈱ＮＴＴドコモ　電話料金
,2014/04/15,723,通信費,,,4335,346,8.0,内税,31.0,,,101,現金,,,4681,0,0.0,内税,,,,３月分ＮＴＴファイナンス㈱　電話料金
,2014/03/27,723,通信費,,,4406,220,5.0,内税,31.0,,,101,現金,,,4626,0,0.0,内税,,,,２月分ＮＴＴファイナンス㈱　電話料金
,2014/05/03,723,通信費,,,19737,1578,8.0,内税,31.0,,,101,現金,,,21315,0,0.0,内税,,,,４月分㈱ＮＴＴドコモ　電話料金
,2014/05/03,723,通信費,,,4327,346,8.0,内税,31.0,,,101,現金,,,4673,0,0.0,内税,,,,４月分ＮＴＴファイナンス㈱　電話料金
,2014/06/06,723,通信費,,,27048,2163,8.0,内税,31.0,,,101,現金,,,29211,0,0.0,内税,,,,５月分㈱ＮＴＴドコモ　電話料金
,2014/06/06,723,通信費,,,4406,352,8.0,内税,31.0,,,101,現金,,,4758,0,0.0,内税,,,,５月分ＮＴＴファイナンス㈱　電話料金
,2014/07/03,723,通信費,,,4406,352,8.0,内税,31.0,,,101,現金,,,4758,0,0.0,内税,,,,６月分ＮＴＴファイナンス㈱　電話料金
,2014/07/03,723,通信費,,,20502,1640,8.0,内税,31.0,,,101,現金,,,22142,0,0.0,内税,,,,６月分㈱ＮＴＴドコモ　電話料金
,2014/02/07,724,水道光熱費,,,9740,486,5.0,内税,31.0,,,101,現金,,,10226,0,0.0,内税,,,,１月分東京ガス㈱　ガス料金
,2014/02/07,724,水道光熱費,,,6485,324,5.0,内税,31.0,,,101,現金,,,6809,0,,内税,,,,12月分東京ガス㈱　ガス料金
,2014/02/07,724,水道光熱費,,,3931,196,5.0,内税,31.0,,,101,現金,,,4127,0,,内税,,,,11月分東京ガス㈱　ガス料金
,2014/04/15,724,水道光熱費,,,12047,963,8.0,内税,31.0,,,101,現金,,,13010,0,,内税,,,,２月分東京ガス㈱　ガス料金
,2014/05/03,724,水道光熱費,,,5388,430,8.0,内税,31.0,,,101,現金,,,5818,0,,内税,,,,４月分東京ガス㈱　ガス料金
,2014/05/03,724,水道光熱費,,,4079,326,8.0,内税,31.0,,,101,現金,,,4405,0,0.0,内税,,,,３月分東京ガス㈱　ガス料金
,2014/07/03,724,水道光熱費,,,1946,97,5.0,内税,31.0,,,101,現金,,,2043,0,0.0,内税,,,,５月分東京ガス㈱　ガス料金
,2014/07/03,724,水道光熱費,,,1881,94,5.0,内税,31.0,,,101,現金,,,1975,0,0.0,内税,,,,６月分東京ガス㈱　ガス料金
,2014/02/07,724,水道光熱費,,,2817,140,5.0,内税,31.0,,,101,現金,,,2957,0,0.0,内税,,,,２月分東京電力㈱　電気料金
,2014/02/07,724,水道光熱費,,,2573,128,5.0,内税,31.0,,,101,現金,,,2701,0,0.0,内税,,,,１月分東京電力㈱　電気料金
,2014/02/07,724,水道光熱費,,,2448,122,5.0,内税,31.0,,,101,現金,,,2570,0,0.0,内税,,,,12月分東京電力㈱　電気料金
,2014/04/15,724,水道光熱費,,,2657,212,8.0,内税,31.0,,,101,現金,,,2869,0,0.0,内税,,,,３月分東京電力㈱　電気料金
,2014/06/06,724,水道光熱費,,,3168,253,8.0,内税,31.0,,,101,現金,,,3421,0,0.0,内税,,,,４月分東京電力㈱　電気料金
,2014/07/03,724,水道光熱費,,,3033,242,8.0,内税,31.0,,,101,現金,,,3275,0,,内税,,,,５月分東京電力㈱　電気料金
,2014/02/07,189,事業主貸,,,18300,0,,内税,,,,101,現金,,,18300,0,,内税,,,,住民税
,2014/02/07,189,事業主貸,,,1700,0,0.0,内税,,,,101,現金,,,1700,0,0.0,内税,,,,住民税
,2014/05/08,189,事業主貸,,,79600,0,,内税,,,,101,現金,,,79600,0,,内税,,,,住民税
,2014/07/03,189,事業主貸,,,10000,0,,内税,,,,101,現金,,,10000,0,,内税,,,,住民税
,2014/07/03,189,事業主貸,,,10000,0,,内税,,,,101,現金,,,10000,0,,内税,,,,住民税
,2014/07/03,189,事業主貸,,,52800,0,,内税,,,,101,現金,,,52800,0,,内税,,,,住民税
,2014/05/03,189,事業主貸,,,12150,0,,内税,,,,101,現金,,,12150,0,,内税,,,,国民健康保険料
,2014/07/03,189,事業主貸,,,22573,0,,内税,,,,101,現金,,,22573,0,,内税,,,,国民健康保険料
,2014/03/10,189,事業主貸,,,1058,0,,内税,,,,101,現金,,,1058,0,,内税,,,,ポケットカード㈱
,2014/04/14,725,租税公課,99.0,他：,400,0,0.0,内税,,,,101,現金,,,400,0,0.0,内税,,,,他：印鑑登録・印鑑証明書
,2014/04/15,725,租税公課,99.0,他：,400,0,0.0,内税,,,,101,現金,,,400,0,0.0,内税,,,,他：納税証明書
,2014/05/14,725,租税公課,99.0,他：,600,0,,内税,,,,101,現金,,,600,0,,内税,,,,他：印鑑証明書
,2014/05/08,725,租税公課,99.0,他：,300,0,,内税,,,,101,現金,,,300,0,,内税,,,,他：納税証明書
,2014/05/09,725,租税公課,99.0,他：,400,0,,内税,,,,101,現金,,,400,0,,内税,,,,他：納税証明書
,2014/05/03,724,水道光熱費,,,3928,314,8.0,内税,31.0,,,101,現金,,,4242,0,0.0,内税,,,,1月～2月分東京都水道局　水道料金
,2014/01/13,726,接待交際費,,,12610,630,5.0,内税,31.0,,,101,現金,,,13240,0,,内税,,,,いふう　接待飲食代
,2014/01/29,726,接待交際費,,,2334,116,5.0,内税,31.0,,,101,現金,,,2450,0,,内税,,,,長浜屋台ラーメン　接待飲食代
,2014/02/11,726,接待交際費,,,9191,459,5.0,内税,31.0,,,101,現金,,,9650,0,,内税,,,,つぼ八　接待飲食代
,2014/02/27,726,接待交際費,,,2140,107,5.0,内税,31.0,,,101,現金,,,2247,0,,内税,,,,紅虎餃子房　接待飲食代
,2014/02/08,726,接待交際費,,,3639,181,5.0,内税,31.0,,,101,現金,,,3820,0,,内税,,,,魚串さくらさく　接待飲食代
,2014/03/01,726,接待交際費,,,1010,50,5.0,内税,31.0,,,101,現金,,,1060,0,,内税,,,,膳まい　接待飲食代
,2014/03/02,726,接待交際費,,,5191,259,5.0,内税,31.0,,,101,現金,,,5450,0,,内税,,,,TRIP　TRIBE　house　接待飲食代
,2014/03/08,726,接待交際費,,,5496,274,5.0,内税,31.0,,,101,現金,,,5770,0,,内税,,,,CHICKEN　GEORGE　接待飲食代
,2014/03/08,726,接待交際費,,,8381,419,5.0,内税,31.0,,,101,現金,,,8800,0,,内税,,,,アミューズメントバーエイチスリー　接待飲食代
,2014/03/19,726,接待交際費,,,4524,226,5.0,内税,31.0,,,101,現金,,,4750,0,,内税,,,,TORIDORI　接待飲食代
,2014/03/22,726,接待交際費,,,8477,423,5.0,内税,31.0,,,101,現金,,,8900,0,,内税,,,,Oldies　接待飲食代
,2014/03/25,726,接待交際費,,,2200,109,5.0,内税,31.0,,,101,現金,,,2309,0,,内税,,,,回し寿司活　接待飲食代
,2014/04/06,726,接待交際費,,,7165,573,8.0,内税,31.0,,,101,現金,,,7738,0,,内税,,,,とりとん　接待飲食代
,2014/04/03,726,接待交際費,,,1704,136,8.0,内税,31.0,,,101,現金,,,1840,0,,内税,,,,吉祥寺魚金　接待飲食代
,2014/05/08,726,接待交際費,,,2350,188,8.0,内税,31.0,,,101,現金,,,2538,0,,内税,,,,回し寿司活　接待飲食代
,2014/05/21,726,接待交際費,,,14695,1175,8.0,内税,31.0,,,101,現金,,,15870,0,,内税,,,,鉄板バルSOURCE　接待飲食代
,2014/05/17,726,接待交際費,,,8797,703,8.0,内税,31.0,,,101,現金,,,9500,0,,内税,,,,酒処十徳　接待飲食代
,2014/05/04,726,接待交際費,,,33899,2711,8.0,内税,31.0,,,101,現金,,,36610,0,,内税,,,,小料理寿美恵　接待飲食代
,2014/07/06,726,接待交際費,,,11158,892,8.0,内税,31.0,,,101,現金,,,12050,0,,内税,,,,焼肉チャンピオン　接待飲食代
,2014/05/30,726,接待交際費,,,4176,334,8.0,内税,31.0,,,101,現金,,,4510,0,,内税,,,,東京餃子楼　接待飲食代
,2014/05/31,726,接待交際費,,,2994,239,8.0,内税,31.0,,,101,現金,,,3233,0,,内税,,,,㈱すかいらーく　接待飲食代
,2014/06/05,726,接待交際費,,,3060,244,8.0,内税,31.0,,,101,現金,,,3304,0,,内税,,,,回し寿司活　接待飲食代
,2014/06/02,726,接待交際費,,,16850,1348,8.0,内税,31.0,,,101,現金,,,18198,0,,内税,,,,Pignon　接待飲食代
,2014/06/06,726,接待交際費,,,1407,112,8.0,内税,31.0,,,101,現金,,,1519,0,,内税,,,,デニーズ　接待飲食代
,2014/06/15,726,接待交際費,,,7500,600,8.0,内税,31.0,,,101,現金,,,8100,0,,内税,,,,魚金　接待飲食代
,2014/06/21,726,接待交際費,,,11521,921,8.0,内税,31.0,,,101,現金,,,12442,0,,内税,,,,真希　接待飲食代
,2014/06/21,726,接待交際費,,,9936,794,8.0,内税,31.0,,,101,現金,,,10730,0,,内税,,,,pizzeria　GG　接待飲食代
,2014/01/24,744,雑費,,,29,1,5.0,内税,31.0,,,101,現金,,,30,0,0.0,内税,,,,セブンイレブン　プリント代
,2014/01/30,744,雑費,,,220,10,5.0,内税,31.0,,,101,現金,,,230,0,0.0,内税,,,,セブンイレブン　プリント代
,2014/01/23,744,雑費,,,29,1,5.0,内税,31.0,,,101,現金,,,30,0,0.0,内税,,,,セブンイレブン　プリント代
,2014/01/26,722,消耗品費,,,1080,54,5.0,内税,31.0,,,101,現金,,,1134,0,0.0,内税,,,,Miraikan　ボール・マグネット
,2014/01/21,730,新聞図書費,,,2943,0,,内税,34.0,,,101,現金,,,2943,0,,内税,,,,ブックファースト　参考書籍代
,2014/01/21,716,福利厚生費,,,2839,141,5.0,内税,31.0,,,101,現金,,,2980,0,,内税,,,,無印良品　トレーナー
,2014/01/21,728,事務用品費,,,900,45,5.0,内税,31.0,,,101,現金,,,945,0,,内税,,,,TOKYU　事務用品
,2014/02/16,728,事務用品費,,,191,9,5.0,内税,31.0,,,101,現金,,,200,0,0.0,内税,,,,セブンイレブン　ファクス代
,2014/02/16,723,通信費,,,191,9,5.0,内税,31.0,,,101,現金,,,200,0,,内税,,,,ローソン　切手代
,2014/02/07,722,消耗品費,,,1353,67,5.0,内税,31.0,,,101,現金,,,1420,0,,内税,,,,㈲萩原商店
,2014/02/21,722,消耗品費,,,380,18,5.0,内税,31.0,,,101,現金,,,398,0,,内税,,,,イオン　マスク
,2014/02/24,744,雑費,,,439,21,5.0,内税,31.0,,,101,現金,,,460,0,0.0,内税,,,,セブンイレブン　プリント代
,2014/02/03,744,雑費,,,458,22,5.0,内税,31.0,,,101,現金,,,480,0,0.0,内税,,,,セブンイレブン　プリント代
,2014/02/18,722,消耗品費,,,1493,74,5.0,内税,31.0,,,101,現金,,,1567,0,,内税,,,,スギ薬局　雑貨
,2014/02/24,728,事務用品費,,,343,17,5.0,内税,31.0,,,101,現金,,,360,0,,内税,,,,イオン　コピー代
,2014/02/24,728,事務用品費,,,94,4,5.0,内税,31.0,,,101,現金,,,98,0,,内税,,,,イオン　クリップ
,2014/02/24,728,事務用品費,,,170,8,5.0,内税,31.0,,,101,現金,,,178,0,,内税,,,,イオン　修正テープ
,2014/02/27,728,事務用品費,,,992,49,5.0,内税,31.0,,,101,現金,,,1041,0,,内税,,,,無印良品　ファイル・ノート
,2014/02/18,716,福利厚生費,,,1886,94,5.0,内税,31.0,,,101,現金,,,1980,0,,内税,,,,無印良品　帽子
,2014/02/17,728,事務用品費,,,197,9,5.0,内税,31.0,,,101,現金,,,206,0,,内税,,,,イオン　クリアフォルダー
,2014/02/26,728,事務用品費,,,141,7,5.0,内税,31.0,,,101,現金,,,148,0,,内税,,,,イオン　事務用品
,2014/02/19,728,事務用品費,,,600,30,5.0,内税,31.0,,,101,現金,,,630,0,,内税,,,,Kinko’s　事務用品
,2014/02/06,728,事務用品費,,,736,36,5.0,内税,31.0,,,101,現金,,,772,0,,内税,,,,㈱世界堂　筆記具
,2014/02/06,728,事務用品費,,,2944,147,5.0,内税,31.0,,,101,現金,,,3091,0,,内税,,,,㈱世界堂　デザインバッグ
,2014/02/10,728,事務用品費,,,326,16,5.0,内税,31.0,,,101,現金,,,342,0,,内税,,,,Kinko’s　事務用品
,2014/03/05,726,接待交際費,,,572,28,5.0,内税,31.0,,,101,現金,,,600,0,,内税,,,,ゼイタク煎餅　贈答品
,2014/03/05,722,消耗品費,,,556,27,5.0,内税,31.0,,,101,現金,,,583,0,,内税,,,,カメ薬局　雑貨
,2014/03/04,722,消耗品費,,,280,14,5.0,内税,31.0,,,101,現金,,,294,0,0.0,内税,,,,MoMA　コードホルダー
,2014/03/04,726,接待交際費,,,5191,259,5.0,内税,31.0,,,101,現金,,,5450,0,,内税,,,,あがっしゃい　接待飲食代
,2014/03/05,744,雑費,,,58,2,5.0,内税,31.0,,,101,現金,,,60,0,0.0,内税,,,,セブンイレブン　プリント代
,2014/03/05,189,事業主貸,,,3450,0,0.0,内税,,,,101,現金,,,3450,0,0.0,内税,,,,運転免許更新センター　更新申請手数料
,2014/03/05,722,消耗品費,,,895,44,5.0,内税,31.0,,,101,現金,,,939,0,,内税,,,,ローソン　雑貨
,2014/03/07,722,消耗品費,,,404,20,5.0,内税,31.0,,,101,現金,,,424,0,,内税,,,,セブンイレブン　雑貨
,2014/03/13,744,雑費,,,667,33,5.0,内税,31.0,,,101,現金,,,700,0,0.0,内税,,,,ローソン　プリント代
,2014/03/07,722,消耗品費,,,528,26,5.0,内税,31.0,,,101,現金,,,554,0,0.0,内税,,,,ホームセンターセキチュー　スイッチ
,2014/03/08,723,通信費,,,810,40,5.0,内税,31.0,,,101,現金,,,850,0,0.0,内税,,,,ヤマト運輸㈱　宅急便
,2014/03/18,744,雑費,,,143,7,5.0,内税,31.0,,,101,現金,,,150,0,0.0,内税,,,,ローソン　プリント代
,2014/03/19,744,雑費,,,505,25,5.0,内税,31.0,,,101,現金,,,530,0,0.0,内税,,,,ローソン　プリント代
,2014/03/14,728,事務用品費,,,171,8,5.0,内税,31.0,,,101,現金,,,179,0,,内税,,,,無印良品　クラフト封筒
,2014/03/25,723,通信費,,,48,2,5.0,内税,31.0,,,101,現金,,,50,0,0.0,内税,,,,ファミリーマート　ファクス代
,2014/03/25,733,支払手数料,,,286,14,5.0,内税,31.0,,,101,現金,,,300,0,,内税,,,,㈱東京ステーション・サービス　ロッカー利用料
,2014/03/25,722,消耗品費,,,291,14,5.0,内税,31.0,,,101,現金,,,305,0,0.0,内税,,,,光東電気㈱　雑貨
,2014/03/25,744,雑費,,,20,0,5.0,内税,31.0,,,101,現金,,,20,0,0.0,内税,,,,ファミリーマート　コピー代
,2014/03/25,722,消耗品費,,,1614,80,5.0,内税,31.0,,,101,現金,,,1694,0,,内税,,,,愛三電機㈱　電球他
,2014/03/29,744,雑費,,,381,19,5.0,内税,31.0,,,101,現金,,,400,0,0.0,内税,,,,ローソン　プリント代
,2014/02/28,716,福利厚生費,,,21500,1075,5.0,内税,31.0,,,101,現金,,,22575,0,0.0,内税,,,,UNITED　ARROWS　シューズ他
,2014/03/29,744,雑費,,,48,2,5.0,内税,31.0,,,101,現金,,,50,0,0.0,内税,,,,セブンイレブン　プリント代
,2014/03/29,728,事務用品費,,,2208,110,5.0,内税,31.0,,,101,現金,,,2318,0,,内税,,,,㈱世界堂　デザインバッグ
,2014/03/29,716,福利厚生費,,,3791,189,5.0,内税,31.0,,,101,現金,,,3980,0,,内税,,,,ビックロ　作業着
,2014/03/30,744,雑費,,,20,0,5.0,内税,31.0,,,101,現金,,,20,0,0.0,内税,,,,ローソン　プリント代
,2014/03/30,723,通信費,,,115,5,5.0,内税,31.0,,,101,現金,,,120,0,0.0,内税,,,,日本郵便㈱　郵送料
,2014/03/29,728,事務用品費,,,736,36,5.0,内税,31.0,,,101,現金,,,772,0,,内税,,,,㈱世界堂　筆記具
,2014/03/31,722,消耗品費,,,3000,150,5.0,内税,31.0,,,101,現金,,,3150,0,,内税,,,,ABCマート　防水スプレー・靴用クリーナー
,2014/03/30,744,雑費,,,762,38,5.0,内税,31.0,,,101,現金,,,800,0,0.0,内税,,,,ローソン　プリント代
,2014/04/05,744,雑費,,,1112,88,8.0,内税,31.0,,,101,現金,,,1200,0,0.0,内税,,,,ローソン　プリント代
,2014/04/04,728,事務用品費,,,1280,102,8.0,内税,31.0,,,101,現金,,,1382,0,,内税,,,,アーンズ　ハサミ・マグネット
,2014/04/10,733,支払手数料,,,1112,88,8.0,内税,31.0,,,101,現金,,,1200,0,,内税,,,,伊藤信商会　証明撮影
,2014/04/06,722,消耗品費,,,285,22,8.0,内税,31.0,,,101,現金,,,307,0,,内税,,,,ココカラファイン　傘
,2014/04/10,722,消耗品費,,,18000,1440,8.0,内税,31.0,,,101,現金,,,19440,0,0.0,内税,,,,BANBOO　SHOOTS　バッグ
,2014/04/09,189,事業主貸,,,16900,0,0.0,内税,,,,101,現金,,,16900,0,0.0,内税,,,,建築技術教育普及センター
,2014/04/09,733,支払手数料,,,121,9,8.0,内税,31.0,,,101,現金,,,130,0,,内税,,,,振込手数料　建築技術教育普及センター
,2014/04/10,744,雑費,,,482,38,8.0,内税,31.0,,,101,現金,,,520,0,0.0,内税,,,,ローソン　プリント代
,2014/04/09,723,通信費,,,760,60,8.0,内税,31.0,,,101,現金,,,820,0,,内税,,,,日本郵便㈱　切手代
,2014/04/17,730,新聞図書費,,,1316,0,,内税,34.0,,,101,現金,,,1316,0,,内税,,,,ブックファースト　参考書籍代
,2014/04/11,722,消耗品費,,,1204,96,8.0,内税,31.0,,,101,現金,,,1300,0,,内税,,,,㈲萩原商店　雑貨
,2014/04/11,722,消耗品費,,,8723,697,8.0,内税,31.0,,,101,現金,,,9420,0,,内税,,,,㈲ノナカ
,2014/04/11,722,消耗品費,,,1595,127,8.0,内税,31.0,,,101,現金,,,1722,0,0.0,内税,,,,ホームセンターセキチュー　木材
,2014/05/08,728,事務用品費,,,278,22,8.0,内税,31.0,,,101,現金,,,300,0,0.0,内税,,,,ローソン　スキャン代
,2014/05/04,744,雑費,,,445,35,8.0,内税,31.0,,,101,現金,,,480,0,0.0,内税,,,,セブンイレブン　プリント代
,2014/05/09,728,事務用品費,,,47,3,8.0,内税,31.0,,,101,現金,,,50,0,0.0,内税,,,,セブンイレブン　コピー代
,2014/05/15,716,福利厚生費,,,1885,150,8.0,内税,31.0,,,101,現金,,,2035,0,0.0,内税,,,,ユニクロ　作業着
,2014/05/15,722,消耗品費,,,3602,288,8.0,内税,31.0,,,101,現金,,,3890,0,0.0,内税,,,,無印良品　冷水筒・ペンケース他
,2014/05/17,722,消耗品費,,,478,38,8.0,内税,31.0,,,101,現金,,,516,0,0.0,内税,,,,㈱ヤマダ電機　雑貨
,2014/05/15,728,事務用品費,,,300,24,8.0,内税,31.0,,,101,現金,,,324,0,0.0,内税,,,,有隣堂　ポールペン
,2014/05/20,728,事務用品費,,,232,18,8.0,内税,31.0,,,101,現金,,,250,0,,内税,,,,ローソン　コピー代
,2014/05/22,722,消耗品費,,,380,30,8.0,内税,31.0,,,101,現金,,,410,0,,内税,,,,LOFT　ポチ袋
,2014/05/22,722,消耗品費,,,1630,130,8.0,内税,31.0,,,101,現金,,,1760,0,,内税,,,,TOKYU　雑貨
,2014/05/31,744,雑費,,,204,16,8.0,内税,31.0,,,101,現金,,,220,0,0.0,内税,,,,ローソン　プリント代
,2014/05/26,728,事務用品費,,,362,28,8.0,内税,31.0,,,101,現金,,,390,0,,内税,,,,ローソン　コピー代
,2014/05/31,728,事務用品費,,,434,34,8.0,内税,31.0,,,101,現金,,,468,0,,内税,,,,Kinko's　事務用品
,2014/05/27,728,事務用品費,,,834,66,8.0,内税,31.0,,,101,現金,,,900,0,,内税,,,,Kinko's　事務用品
,2014/06/30,189,事業主貸,,,11000,0,0.0,内税,0.0,,,101,現金,,,11000,0,0.0,内税,,,,弓削学　新宿事務所　司法書士報酬
,2014/06/30,189,事業主貸,,,108,0,0.0,内税,0.0,,,101,現金,,,108,0,0.0,内税,,,,弓削学　振込手数料　新宿事務所
,2014/07/03,733,支払手数料,,,0,0,8.0,内税,31.0,,,101,現金,,,0,0,0.0,内税,,,,振込手数料　ヨシカワショウジ
,2014/06/17,723,通信費,,,112,8,8.0,内税,31.0,,,101,現金,,,120,0,0.0,内税,,,,日本郵便㈱　郵送料
,2014/06/03,744,雑費,,,556,44,8.0,内税,31.0,,,101,現金,,,600,0,0.0,内税,,,,ローソン　プリント代
,2014/06/02,744,雑費,,,102,8,8.0,内税,31.0,,,101,現金,,,110,0,0.0,内税,,,,ローソン　プリント代
,2014/06/20,726,接待交際費,,,1899,151,8.0,内税,31.0,,,101,現金,,,2050,0,0.0,内税,,,,サルボ両備㈱　贈答用元祖きびだんご
,2014/06/05,722,消耗品費,,,11050,884,8.0,内税,31.0,,,101,現金,,,11934,0,0.0,内税,,,,adidas　シューズ
,2014/07/06,728,事務用品費,,,1482,118,8.0,内税,31.0,,,101,現金,,,1600,0,,内税,,,,㈱総合資格　テンプレート代
,2014/06/27,722,消耗品費,,,10081,806,8.0,内税,31.0,,,101,現金,,,10887,0,,内税,,,,IKEA　断熱ブラインド他
,2014/06/14,189,事業主貸,,,30957,0,,内税,,,,101,現金,,,30957,0,,内税,,,,㈱オリエントコーポレーション
,2014/06/14,733,支払手数料,,,200,16,8.0,内税,31.0,,,101,現金,,,216,0,,内税,,,,振込手数料　㈱オリエントコーポレーション
7.0,2014/06/07,613,材料仕入,,,24567,1965,8.0,内税,31.0,,,101,現金,,,26532,0,,内税,,,,ＵＮＩ　スタープラチナ㈱　ＴＶセッターハング
,2014/02/17,721,旅費交通費,,,286,14,5.0,内税,31.0,,,101,現金,,,300,0,,内税,,,,日の出　リパーク　駐車場代
,2014/02/17,721,旅費交通費,,,572,28,5.0,内税,31.0,,,101,現金,,,600,0,0.0,内税,,,,日の出　中日本高速道路　高速料金
,2014/02/17,721,旅費交通費,,,1239,61,5.0,内税,31.0,,,101,現金,,,1300,0,,内税,,,,日の出　リパーク　駐車料金
,2014/02/17,721,旅費交通費,,,667,33,5.0,内税,31.0,,,101,現金,,,700,0,,内税,,,,日の出　ＳＰＴ牛浜第２駐車場　駐車料金
,2014/02/18,744,雑費,,,48,2,5.0,内税,31.0,,,101,現金,,,50,0,,内税,,,,日の出　セブンイレブン　コピー代
,2014/02/18,613,材料仕入,,,7923,396,5.0,内税,31.0,,,101,現金,,,8319,0,,内税,,,,日の出　㈱ヤサカ福生店　ＵＳＢメモリー他
,2014/02/18,744,雑費,,,143,7,5.0,内税,31.0,,,101,現金,,,150,0,,内税,,,,日の出　セブンイレブン　コピー代
,2014/02/19,721,旅費交通費,,,858,42,5.0,内税,31.0,,,101,現金,,,900,0,,内税,,,,日の出　中日本高速道路　高速料金
,2014/02/19,721,旅費交通費,,,858,42,5.0,内税,31.0,,,101,現金,,,900,0,,内税,,,,日の出　首都高速道路　高速料金
,2014/02/19,721,旅費交通費,,,572,28,5.0,内税,31.0,,,101,現金,,,600,0,,内税,,,,日の出　中日本高速道路　高速料金
,2014/02/19,721,旅費交通費,,,1239,61,5.0,内税,31.0,,,101,現金,,,1300,0,,内税,,,,日の出　リパーク　高速料金
,2014/02/19,721,旅費交通費,,,858,42,5.0,内税,31.0,,,101,現金,,,900,0,,内税,,,,日の出　首都高速料金　高速料金
,2014/02/19,723,通信費,,,143,7,5.0,内税,31.0,,,101,現金,,,150,0,,内税,,,,日の出　セブンイレブン　ＦＡＸ代
,2014/02/19,721,旅費交通費,,,572,28,5.0,内税,31.0,,,101,現金,,,600,0,0.0,内税,,,,日の出　中日本高速道路　高速料金
,2014/02/20,721,旅費交通費,,,4171,208,5.0,内税,31.0,,,101,現金,,,4379,0,0.0,内税,,,,日の出　㈲光栄商事　ガソリン代
,2014/02/20,721,旅費交通費,,,572,28,5.0,内税,31.0,,,101,現金,,,600,0,,内税,,,,日の出　中日本高速道路　高速料金
,2014/02/20,721,旅費交通費,,,572,28,5.0,内税,31.0,,,101,現金,,,600,0,0.0,内税,,,,日の出　中日本高速道路　高速料金
,2014/02/20,721,旅費交通費,,,762,38,5.0,内税,31.0,,,101,現金,,,800,0,,内税,,,,日の出　中日本高速道路　高速料金
,2014/02/20,721,旅費交通費,,,858,42,5.0,内税,31.0,,,101,現金,,,900,0,,内税,,,,日の出　首都高速道路　高速料金
,2014/02/20,722,消耗品費,,,8191,409,5.0,内税,31.0,,,101,現金,,,8600,0,,内税,,,,日の出　ホームズ中野本店　腕章他
,2014/02/20,720,雑給,,,13000,0,,内税,,,,101,現金,,,13000,0,,内税,,,,日の出　徳永和晃　アルバイト
,2014/02/20,720,雑給,,,13000,0,,内税,,,,101,現金,,,13000,0,,内税,,,,日の出　木下達人　アルバイト
,2014/02/21,721,旅費交通費,,,667,33,5.0,内税,31.0,,,101,現金,,,700,0,,内税,,,,日の出　ＳＰＴ牛浜第2駐車場　駐車料金
,2014/02/22,721,旅費交通費,,,667,33,5.0,内税,31.0,,,101,現金,,,700,0,,内税,,,,日の出　ＳＰＴ牛浜第２駐車場　駐車料金
,2014/02/22,613,材料仕入,,,2187,109,5.0,内税,31.0,,,101,現金,,,2296,0,,内税,,,,日の出　カインズホーム　クロス下地　他
,2014/02/23,721,旅費交通費,,,1048,52,5.0,内税,31.0,,,101,現金,,,1100,0,,内税,,,,日の出　リパーク　駐車場代
,2014/02/23,721,旅費交通費,,,1429,71,5.0,内税,31.0,,,101,現金,,,1500,0,,内税,,,,日の出　中日本高速道路　高速料金
,2014/02/27,613,材料仕入,,,96,4,5.0,内税,31.0,,,101,現金,,,100,0,,内税,,,,日の出　カインズホーム　シール
,2014/02/27,613,材料仕入,,,900,45,5.0,内税,31.0,,,101,現金,,,945,0,,内税,,,,日の出　ジョイフル本田　スベラーズ
,2014/02/27,721,旅費交通費,,,5167,258,5.0,内税,31.0,,,101,現金,,,5425,0,0.0,内税,,,,日の出　出光リテール販売㈱　雨間給油所　ガソリン代
,2014/02/27,613,材料仕入,,,313,15,5.0,内税,31.0,,,101,現金,,,328,0,,内税,,,,日の出　ホームズ昭島店　ボンド他
,2014/02/28,721,旅費交通費,,,858,42,5.0,内税,31.0,,,101,現金,,,900,0,,内税,,,,日の出　首都高速道路　高速料金
,2014/02/28,613,材料仕入,,,1589,79,5.0,内税,31.0,,,101,現金,,,1668,0,0.0,内税,,,,日の出　ジョイフル本田　ステンレスフック
,2014/02/28,721,旅費交通費,,,1429,71,5.0,内税,31.0,,,101,現金,,,1500,0,0.0,内税,,,,日の出　中日本高速道路　高速料金
,2014/02/28,721,旅費交通費,,,592,29,5.0,内税,31.0,,,101,現金,,,621,0,0.0,内税,,,,日の出　出光リテール販売㈱東京カンパニー　ガソリン代
,2014/02/28,721,旅費交通費,,,1334,66,5.0,内税,31.0,,,101,現金,,,1400,0,0.0,内税,,,,日の出　出光リテール販売㈱東京カンパニー　ガソリン代
,2014/02/28,721,旅費交通費,,,58667,2933,5.0,内税,31.0,,,101,現金,,,61600,0,0.0,内税,,,,日の出　ジャパンレンタカー㈱　レンタカー
,2014/03/28,613,材料仕入,,,2900,145,5.0,内税,31.0,,,101,現金,,,3045,0,0.0,内税,,,,吉祥寺　中部電材㈱　電球
,2014/06/07,613,材料仕入,,,8625,689,8.0,内税,31.0,,,101,現金,,,9314,0,,内税,,,,ＵＮＩ　金森金物店　ランプ
,2014/06/09,531,外注費,,,55556,4444,8.0,内税,31.0,,,101,現金,,,60000,0,0.0,内税,,,,ＵＮＩ　島津　明　改修工事
,2014/06/09,716,福利厚生費,,,1630,130,8.0,内税,31.0,,,101,現金,,,1760,0,0.0,内税,,,,ＵＮＩ　際コーポレーション㈱　蒼龍唐玉堂　飲食代
,2014/06/09,613,材料仕入,,,72889,5831,8.0,内税,31.0,,,101,現金,,,78720,0,,内税,,,,ＵＮＩ　㈱ＲＥＳＴＡ　材料代
,2014/06/09,721,旅費交通費,,,1297,103,8.0,内税,31.0,,,101,現金,,,1400,0,,内税,,,,ＵＮＩ　六本木５丁目パーキング　駐車料金
,2014/06/09,721,旅費交通費,,,278,22,8.0,内税,31.0,,,101,現金,,,300,0,,内税,,,,ＵＮＩ　リパーク　駐車料金
,2014/06/09,721,旅費交通費,,,2500,200,8.0,内税,31.0,,,101,現金,,,2700,0,,内税,,,,ＵＮＩ　六本木鳥居坂駐車場　駐車料金
,2014/06/09,721,旅費交通費,,,1389,111,8.0,内税,31.0,,,101,現金,,,1500,0,,内税,,,,ＵＮＩ　六本木鳥居坂第駐車場　駐車料金
,2014/06/09,716,福利厚生費,,,3945,315,8.0,内税,31.0,,,101,現金,,,4260,0,,内税,,,,ＵＮＩ　本場韓国屋台料理　屋台　飲食代
,2014/06/10,721,旅費交通費,,,13982,1118,8.0,内税,31.0,,,101,現金,,,15100,0,0.0,内税,,,,ＵＮＩ　ジャパンレンタカー　レンタカー代
,2014/06/10,531,外注費,,,12963,1037,8.0,内税,31.0,,,101,現金,,,14000,0,,内税,,,,ＵＮＩ　ＪＦＥ環境㈱　処分費
,2014/06/10,722,消耗品費,,,933,74,8.0,内税,31.0,,,101,現金,,,1007,0,,内税,,,,ＵＮＩ　ドンキホーテ　工具
,2014/06/10,721,旅費交通費,,,2325,186,8.0,内税,31.0,,,101,現金,,,2511,0,0.0,内税,,,,ＵＮＩ　㈱六本木　ガソリン代
,2014/06/10,721,旅費交通費,,,1389,111,8.0,内税,31.0,,,101,現金,,,1500,0,,内税,,,,ＵＮＩ　六本木鳥居坂駐車場
,2014/06/10,721,旅費交通費,,,463,37,8.0,内税,31.0,,,101,現金,,,500,0,,内税,,,,ＵＮＩ　リパーク　駐車料金
,2014/06/10,721,旅費交通費,,,556,44,8.0,内税,31.0,,,101,現金,,,600,0,0.0,内税,,,,ＵＮＩ　六本木鳥居坂第２　駐車料金
,2014/06/10,613,材料仕入,,,4516,361,8.0,内税,31.0,,,101,現金,,,4877,0,,内税,,,,ＵＮＩ　㈱セキチュー　ベニヤ他
,2014/06/12,716,福利厚生費,,,2547,203,8.0,内税,31.0,,,101,現金,,,2750,0,,内税,,,,ＵＮＩ　つるとんたん六本木店　飲食代
,2014/06/12,613,材料仕入,,,665,53,8.0,内税,31.0,,,101,現金,,,718,0,,内税,,,,ＵＮＩ　ドンキホーテ　電気関係消耗材料
,2014/06/12,613,材料仕入,,,1372,109,8.0,内税,31.0,,,101,現金,,,1481,0,,内税,,,,ＵＮＩ　ドンキホーテ　電気関係消耗材料
,2014/06/12,613,材料仕入,,,240,19,8.0,内税,31.0,,,101,現金,,,259,0,,内税,,,,ＵＮＩ　ドンキホーテ　マジックペン
,2014/06/16,721,旅費交通費,,,556,44,8.0,内税,31.0,,,101,現金,,,600,0,,内税,,,,ＵＮＩ　エースパーク　駐車料金
,2014/06/16,721,旅費交通費,,,463,37,8.0,内税,31.0,,,101,現金,,,500,0,,内税,,,,ＵＮＩ　リパーク　駐車料金
,2014/06/17,613,材料仕入,,,2073,165,8.0,内税,31.0,,,101,現金,,,2238,0,,内税,,,,ＵＮＩ　㈱ＬＩＸＩＬビバホーム　アングルブロンズ
,2014/06/17,531,外注費,,,46297,3703,8.0,内税,31.0,,,101,現金,,,50000,0,,内税,,,,ＵＮＩ　㈱東洋防水工事　塗装工事
,2014/06/17,531,外注費,,,17593,1407,8.0,内税,31.0,,,101,現金,,,19000,0,,内税,,,,ＵＮＩ　ＪＦＥ環境㈱　処分費
,2014/06/17,721,旅費交通費,,,1725,138,8.0,内税,31.0,,,101,現金,,,1863,0,0.0,内税,,,,ＵＮＩ　出光リテール販売㈱　ガソリン代
,2014/06/17,721,旅費交通費,,,7130,570,8.0,内税,31.0,,,101,現金,,,7700,0,0.0,内税,,,,ＵＮＩ　ジャパンレンタカー㈱　レンタカー代
,2014/06/17,613,材料仕入,,,74371,5949,8.0,内税,31.0,,,101,現金,,,80320,0,0.0,内税,,,,ＵＮＩ　岐阜の木工屋　額縁代
,2014/06/20,531,外注費,,,170000,13600,8.0,内税,31.0,,,101,現金,,,183600,0,,内税,,,,ＵＮＩ　㈱東興設備　改装工事代
,2014/06/21,722,消耗品費,,,820,65,8.0,内税,31.0,,,101,現金,,,885,0,,内税,,,,ＵＮＩ　ドンキホーテ　延長ケーブル他
,2014/06/21,613,材料仕入,,,2858,228,8.0,内税,31.0,,,101,現金,,,3086,0,0.0,内税,,,,ＵＮＩ　佐川急便　岐阜の木工屋向け送料
,2014/06/21,531,外注費,,,277778,22222,8.0,内税,31.0,,,101,現金,,,300000,0,,内税,,,,ＵＮＩ　山田建具店　家具取付改修工事
,2014/06/21,613,材料仕入,,,2858,228,8.0,内税,31.0,,,101,現金,,,3086,0,0.0,内税,,,,ＵＮＩ　佐川急便　岐阜の木工屋向け　送料
,2014/06/22,744,雑費,,,371,29,8.0,内税,31.0,,,101,現金,,,400,0,,内税,,,,ＵＮＩ　セブンイレブン　コピー代
,2014/06/27,721,旅費交通費,,,1389,111,8.0,内税,31.0,,,101,現金,,,1500,0,,内税,,,,ＵＮＩ　六本木鳥居坂駐車場　駐車料金
,2014/06/27,721,旅費交通費,,,186,14,8.0,内税,31.0,,,101,現金,,,200,0,,内税,,,,ＵＮＩ　リパーク　駐車料金
,2014/06/27,721,旅費交通費,,,1961,156,8.0,内税,31.0,,,101,現金,,,2117,0,0.0,内税,,,,ＵＮＩ　㈱佐藤商会　ガソリン代
,2014/06/27,721,旅費交通費,,,6204,496,8.0,内税,31.0,,,101,現金,,,6700,0,0.0,内税,,,,ＵＮＩ　ジャパンレンタカー　レンタカー代金
,2014/06/27,531,外注費,,,1852,148,8.0,内税,31.0,,,101,現金,,,2000,0,,内税,,,,ＵＮＩ　ＪＦＥ環境㈱　処分費
,2014/07/01,613,材料仕入,,,948,75,8.0,内税,31.0,,,101,現金,,,1023,0,,内税,,,,ＵＮＩ　ケイヨーディツー　水性ニス
,2014/06/27,613,材料仕入,,,2660,212,8.0,内税,31.0,,,101,現金,,,2872,0,,内税,,,,ＵＮＩ　ドンキホーテ　かくれんぼう（補修ペン）
,2014/07/01,531,外注費,,,25000,2000,8.0,内税,31.0,,,101,現金,,,27000,0,,内税,,,,ＵＮＩ　㈱東洋防水工事　改修工事
,2014/07/01,722,消耗品費,,,6900,552,8.0,内税,31.0,,,101,現金,,,7452,0,,内税,,,,ＵＮＩ　㈱ＡＱＵＡ　サーキュレーター
,2014/07/01,531,外注費,,,263889,21111,8.0,内税,31.0,,,101,現金,,,285000,0,,内税,,,,ＵＮＩ　中川亮介　洗面台取り付け工事
,2014/06/02,721,旅費交通費,,,2038,162,8.0,内税,31.0,,,101,現金,,,2200,0,,内税,,,,ＵＮＩ　六本木５丁目パーキング　駐車料金
,2014/06/09,721,旅費交通費,,,463,37,8.0,内税,31.0,,,101,現金,,,500,0,0.0,内税,,,,ＵＮＩ　コインパーク　駐車料金
,2014/06/09,721,旅費交通費,,,834,66,8.0,内税,31.0,,,101,現金,,,900,0,,内税,,,,ＵＮＩ　タイムズ２４　駐車料金
,2014/06/08,722,消耗品費,,,980,78,8.0,内税,31.0,,,101,現金,,,1058,0,0.0,内税,,,,ＵＮＩ　㈱ＬＩＸＩＬビバホーム　ほうき
,2014/06/08,722,消耗品費,,,3681,294,8.0,内税,31.0,,,101,現金,,,3975,0,0.0,内税,,,,ＵＮＩ　㈱ＬＩＸＩＬビバホーム　養生シート
,2014/06/10,721,旅費交通費,,,278,22,8.0,内税,31.0,,,101,現金,,,300,0,,内税,,,,ＵＮＩ　タイムズ２４　駐車料金
,2014/06/10,721,旅費交通費,,,1389,111,8.0,内税,31.0,,,101,現金,,,1500,0,,内税,,,,ＵＮＩ　タイムズ２４　駐車料金
,2014/06/16,721,旅費交通費,,,278,22,8.0,内税,31.0,,,101,現金,,,300,0,,内税,,,,ＵＮＩ　タイムズ２４　駐車料金
,2014/06/13,721,旅費交通費,,,1297,103,8.0,内税,31.0,,,101,現金,,,1400,0,,内税,,,,ＵＮＩ六本木5丁目パーキング　駐車料金
,2014/09/30,166,売掛金,,,3844800,0,,内税,,,,511,売上高,,,3560000,284800,8.0,内税,11.0,,,㈱根津エンジニアリング
,2014/09/18,166,売掛金,,,15000,0,,内税,,,,511,売上高,,,13889,1111,8.0,内税,11.0,,,architect atudio M
8.0,2014/07/03,729,賃借料,,,64815,5185,8.0,内税,31.0,,,122,みずほ中目黒,,,70000,0,0.0,内税,,,,ヨシカワショウジ
8.0,2014/07/03,189,事業主貸,,,40000,0,0.0,内税,,,,729,賃借料,,,37038,2962,8.0,内税,31.0,,,家事消費分の地代家賃
8.0,2014/07/03,733,支払手数料,,,400,32,8.0,内税,31.0,,,122,みずほ中目黒,,,432,0,0.0,内税,,,,振込手数料　ヨシカワショウジ
9.0,2014/08/06,729,賃借料,,,64815,5185,8.0,内税,31.0,,,122,みずほ中目黒,,,70000,0,0.0,内税,,,,ヨシカワショウジ
9.0,2014/08/06,189,事業主貸,,,40000,0,0.0,内税,,,,729,賃借料,,,37038,2962,8.0,内税,31.0,,,家事消費分の地代家賃
9.0,2014/08/06,733,支払手数料,,,400,32,8.0,内税,31.0,,,122,みずほ中目黒,,,432,0,0.0,内税,,,,振込手数料　ヨシカワショウジ
10.0,2014/10/31,0,,,,140000,0,0.0,内税,0.0,,,122,みずほ中目黒,,,140000,0,0.0,内税,,,,ヨシカワショウジ
10.0,2014/10/31,189,事業主貸,,,40000,0,0.0,内税,,,,0,,,,40000,0,0.0,内税,0.0,,,家事消費分の地代家賃
10.0,2014/10/31,733,支払手数料,,,400,32,8.0,内税,31.0,,,0,,,,432,0,0.0,内税,,,,振込手数料　ヨシカワショウジ
10.0,2014/10/31,729,賃借料,,,64815,5185,8.0,内税,31.0,,,0,,,,70000,0,0.0,内税,,,,ヨシカワショウジ
10.0,2014/10/31,729,賃借料,,,64815,5185,8.0,内税,31.0,,,0,,,,70000,0,0.0,内税,,,,ヨシカワショウジ
10.0,2014/10/31,0,,,,40000,0,0.0,内税,,,,729,賃借料,,,37038,2962,8.0,内税,31.0,,,家事消費分の地代家賃
10.0,2014/10/31,189,事業主貸,,,40000,0,0.0,内税,,,,0,,,,40000,0,0.0,内税,,,,家事消費分の地代家賃
10.0,2014/10/31,0,,,,40000,0,0.0,内税,,,,729,賃借料,,,37038,2962,8.0,内税,31.0,,,家事消費分の地代家賃
10.0,2014/10/31,0,,,,432,0,0.0,内税,,,,122,みずほ中目黒,,,432,0,0.0,内税,,,,振込手数料　ヨシカワショウジ
,2014/07/05,101,現金,,,150000,0,,内税,,,,122,みずほ中目黒,,,150000,0,,内税,,,,弓削学
,2014/07/10,101,現金,,,50000,0,,内税,,,,122,みずほ中目黒,,,50000,0,,内税,,,,弓削学
,2014/07/16,101,現金,,,75000,0,,内税,,,,122,みずほ中目黒,,,75000,0,,内税,,,,弓削学
,2014/09/24,101,現金,,,10000,0,,内税,,,,122,みずほ中目黒,,,10000,0,,内税,,,,弓削学
,2014/10/25,101,現金,,,20000,0,0.0,内税,,,,122,みずほ中目黒,,,20000,0,0.0,内税,,,,現金引出
,2014/10/29,101,現金,,,800000,0,0.0,内税,,,,122,みずほ中目黒,,,800000,0,0.0,内税,,,,現金引出
,2014/10/30,101,現金,,,370000,0,0.0,内税,,,,122,みずほ中目黒,,,370000,0,0.0,内税,,,,現金引出
,2014/07/05,733,支払手数料,,,100,8,8.0,内税,31.0,,,122,みずほ中目黒,,,108,0,0.0,内税,,,,弓削学
,2014/10/25,733,支払手数料,,,200,16,8.0,内税,31.0,,,122,みずほ中目黒,,,216,0,0.0,内税,,,,時間外引出手数料
,2014/10/30,733,支払手数料,,,100,8,8.0,内税,31.0,,,122,みずほ中目黒,,,108,0,,内税,,,,弓削学
,2014/07/07,122,みずほ中目黒,,,150000,0,,内税,,,,166,売掛金,,,150000,0,,内税,,,,ＧＲＩＰ＆Ｃｏ.
,2014/08/05,122,みずほ中目黒,,,75000,0,,内税,,,,166,売掛金,,,75000,0,,内税,,,,ＧＲＩＰ＆Ｃｏ.
,2014/08/07,122,みずほ中目黒,,,50000,0,,内税,,,,101,現金,,,50000,0,,内税,,,,弓削学
,2014/08/07,122,みずほ中目黒,,,10000,0,,内税,,,,101,現金,,,10000,0,,内税,,,,弓削学
,2014/09/22,122,みずほ中目黒,,,430000,0,,内税,,,,101,現金,,,430000,0,,内税,,,,弓削学
,2014/09/19,122,みずほ中目黒,,,15000,0,0.0,内税,,,,166,売掛金,,,15000,0,0.0,内税,,,,architect atudio M
,2014/10/20,122,みずほ中目黒,,,28728,0,0.0,内税,,,,166,売掛金,,,28728,0,0.0,内税,,,,㈱ＵＮＩＯＮ
,2014/10/29,122,みずほ中目黒,,,3843936,0,,内税,,,,166,売掛金,,,3843936,0,,内税,,,,㈱根津エンジニアリング
,2014/10/29,733,支払手数料,,,800,64,8.0,内税,31.0,,,166,売掛金,,,864,0,,内税,,,,㈱根津エンジニアリング
,2014/07/08,531,外注費,,,105000,8400,8.0,内税,31.0,,,122,みずほ中目黒,,,113400,0,0.0,内税,,,,ＵＮＩ　ＡＣＴオバナサトシ　清掃
,2014/07/08,733,支払手数料,,,400,32,8.0,内税,31.0,,,122,みずほ中目黒,,,432,0,0.0,内税,,,,振込手数料　ＡＣＴオバナサトシ
,2014/07/08,721,旅費交通費,,,1389,111,8.0,内税,31.0,,,122,みずほ中目黒,,,1500,0,0.0,内税,,,,ロッヂ丘　駐車場代
,2014/07/08,733,支払手数料,,,200,16,8.0,内税,31.0,,,122,みずほ中目黒,,,216,0,0.0,内税,,,,振込手数料　ロッヂ丘
,2014/07/08,189,事業主貸,,,36000,0,,内税,,,,122,みずほ中目黒,,,36000,0,,内税,,,,フジハラモリユキ
,2014/07/08,733,支払手数料,,,400,32,8.0,内税,31.0,,,122,みずほ中目黒,,,432,0,,内税,,,,振込手数料　フジハラモリユキ
,2014/07/10,189,事業主貸,,,45390,0,,内税,,,,122,みずほ中目黒,,,45390,0,,内税,,,,アマキミツヒデ
,2014/07/10,733,支払手数料,,,200,16,8.0,内税,31.0,,,122,みずほ中目黒,,,216,0,,内税,,,,振込手数料　アマキミツヒデ
,2014/07/16,531,外注費,,,38000,3040,8.0,内税,31.0,,,122,みずほ中目黒,,,41040,0,0.0,内税,,,,㈱國本技装　店舗改修工事
,2014/07/16,733,支払手数料,,,200,16,8.0,内税,31.0,,,122,みずほ中目黒,,,216,0,0.0,内税,,,,振込手数料　㈱國本技装
,2014/07/16,531,外注費,,,11800,944,8.0,内税,31.0,,,122,みずほ中目黒,,,12744,0,0.0,内税,,,,山田建具店　プッシュつまみ取付
,2014/07/16,733,支払手数料,,,100,8,8.0,内税,31.0,,,122,みずほ中目黒,,,108,0,0.0,内税,,,,振込手数料　山田建具店
,2014/07/16,722,消耗品費,,,82803,6624,8.0,内税,31.0,,,122,みずほ中目黒,,,89427,0,0.0,内税,,,,㈱オリエントコーポレーション　パソコン割賦購入
,2014/07/16,733,支払手数料,,,200,16,8.0,内税,31.0,,,122,みずほ中目黒,,,216,0,0.0,内税,,,,振込手数料　㈱オリエントコーポレーション
,2014/08/07,531,外注費,,,27778,2222,8.0,内税,31.0,,,122,みずほ中目黒,,,30000,0,0.0,内税,,,,ＵＮＩ　渡邉工務店　墨出し
,2014/08/07,733,支払手数料,,,400,32,8.0,内税,31.0,,,122,みずほ中目黒,,,432,0,0.0,内税,,,,振込手数料　渡邉工務店
,2014/08/07,531,外注費,,,22000,1760,8.0,内税,31.0,,,122,みずほ中目黒,,,23760,0,0.0,内税,,,,ＵＮＩ　㈲照和　電気工事
,2014/08/07,733,支払手数料,,,200,16,8.0,内税,31.0,,,122,みずほ中目黒,,,216,0,0.0,内税,,,,振込手数料　㈲照和
,2014/08/07,189,事業主貸,,,11000,0,0.0,内税,0.0,,,122,みずほ中目黒,,,11000,0,0.0,内税,,,,弓削学　新宿事務所　司法書士報酬
,2014/08/07,733,支払手数料,,,100,8,8.0,内税,31.0,,,122,みずほ中目黒,,,108,0,0.0,内税,,,,振込手数料　新宿事務所
,2014/08/07,189,事業主貸,,,15424,0,0.0,内税,,,,122,みずほ中目黒,,,15424,0,0.0,内税,,,,㈱オリエントコーポレーション
,2014/08/07,733,支払手数料,,,100,8,8.0,内税,31.0,,,122,みずほ中目黒,,,108,0,,内税,,,,振込手数料　オリエントコーポレーション
,2014/09/22,531,外注費,,,409885,32790,8.0,内税,31.0,,,122,みずほ中目黒,,,442675,0,0.0,内税,,,,ほほえみ薬局　㈱四五コーポレーション
,2014/09/22,733,支払手数料,,,400,32,8.0,内税,31.0,,,122,みずほ中目黒,,,432,0,0.0,内税,,,,振込手数料　㈱四五コーポレーション
,2014/10/29,531,外注費,,,105556,8444,8.0,内税,31.0,,,122,みずほ中目黒,,,114000,0,0.0,内税,,,,ほほえみ薬局　architect atudio M　人工
,2014/10/29,733,支払手数料,,,400,32,8.0,内税,31.0,,,122,みずほ中目黒,,,432,0,0.0,内税,,,,振込手数料　architect atudio M
,2014/10/29,531,外注費,,,220000,17600,8.0,内税,31.0,,,122,みずほ中目黒,,,237600,0,0.0,内税,,,,所沢薬局　㈱國本技装
,2014/10/29,733,支払手数料,,,200,16,8.0,内税,31.0,,,122,みずほ中目黒,,,216,0,0.0,内税,,,,振込手数料　㈱國本技装
,2014/10/29,531,外注費,,,205000,16400,8.0,内税,31.0,,,122,みずほ中目黒,,,221400,0,0.0,内税,,,,所沢薬局　㈲照和　電気工事
,2014/10/29,733,支払手数料,,,400,32,8.0,内税,31.0,,,122,みずほ中目黒,,,432,0,0.0,内税,,,,振込手数料　㈲照和
,2014/10/29,531,外注費,,,34000,2720,8.0,内税,31.0,,,122,みずほ中目黒,,,36720,0,0.0,内税,,,,所沢クリニック　ＡＣＴ　引越し清掃
,2014/10/29,733,支払手数料,,,400,32,8.0,内税,31.0,,,122,みずほ中目黒,,,432,0,0.0,内税,,,,振込手数料　ＡＣＴ
,2014/10/29,531,外注費,,,531034,42482,8.0,内税,31.0,,,122,みずほ中目黒,,,573516,0,0.0,内税,,,,ほほえみ薬局　渡辺パイプ㈱　衛生設備他
,2014/10/29,733,支払手数料,,,200,16,8.0,内税,31.0,,,122,みずほ中目黒,,,216,0,0.0,内税,,,,振込手数料　渡辺パイプ㈱
,2014/10/29,531,外注費,,,115000,9200,8.0,内税,31.0,,,122,みずほ中目黒,,,124200,0,0.0,内税,,,,ほほえみ薬局　㈲コバヤシ看板　施工費他
,2014/10/29,733,支払手数料,,,200,16,8.0,内税,31.0,,,122,みずほ中目黒,,,216,0,0.0,内税,,,,振込手数料　㈲コバヤシ看板
,2014/10/29,531,外注費,,,623400,49872,8.0,内税,31.0,,,122,みずほ中目黒,,,673272,0,0.0,内税,,,,ＡＫＡＧＩ建装　クロス他
,2014/10/29,733,支払手数料,,,400,32,8.0,内税,31.0,,,122,みずほ中目黒,,,432,0,0.0,内税,,,,振込手数料　ＡＫＡＧＩ建装
,2014/10/31,722,消耗品費,,,43800,3504,8.0,内税,31.0,,,122,みずほ中目黒,,,47304,0,0.0,内税,,,,古城里紗　スタンプデザイン・制作費
,2014/10/31,733,支払手数料,,,400,32,8.0,内税,31.0,,,122,みずほ中目黒,,,432,0,,内税,,,,振込手数料　コジョウリサ
,2014/10/31,189,事業主貸,,,13184,0,0.0,内税,,,,122,みずほ中目黒,,,13184,0,0.0,内税,,,,アコム㈱
,2014/10/31,189,事業主貸,,,216,0,0.0,内税,0.0,,,122,みずほ中目黒,,,216,0,0.0,内税,,,,弓削学　振込手数料　アコム㈱
,2014/10/31,726,接待交際費,,,19445,1555,8.0,内税,31.0,,,122,みずほ中目黒,,,21000,0,0.0,内税,,,,ナグモコウタ　お米
,2014/10/31,733,支払手数料,,,200,16,8.0,内税,31.0,,,122,みずほ中目黒,,,216,0,,内税,,,,振込手数料　ナグモコウタ
11.0,2014/08/18,122,みずほ中目黒,,,30,0,0.0,内税,,,,0,,,,30,0,0.0,内税,,,,弓削学
,2014/07/24,101,現金,,,500000,0,,内税,,,,124,目黒信用金庫,,,500000,0,,内税,,,,弓削学
,2014/07/29,531,外注費,,,22130,1770,8.0,内税,31.0,,,124,目黒信用金庫,,,23900,0,0.0,内税,,,,ＵＮＩ　㈱菅原工芸　アクリル板加工
,2014/07/29,733,支払手数料,,,400,32,8.0,内税,31.0,,,124,目黒信用金庫,,,432,0,0.0,内税,,,,振込手数料　㈱菅原工芸
,2014/07/31,189,事業主貸,,,78000,0,0.0,内税,,,,124,目黒信用金庫,,,78000,0,0.0,内税,,,,㈱ソウゴウシカク
,2014/07/31,733,支払手数料,,,600,48,8.0,内税,31.0,,,124,目黒信用金庫,,,648,0,,内税,,,,振込手数料　㈱ソウゴウシカク
,2014/07/31,531,外注費,,,14746,1179,8.0,内税,31.0,,,124,目黒信用金庫,,,15925,0,0.0,内税,,,,ＵＮＩ　㈱ミナミ　オリジナルマット製作
,2014/07/31,733,支払手数料,,,400,32,8.0,内税,31.0,,,124,目黒信用金庫,,,432,0,0.0,内税,,,,振込手数料　㈱ミナミ
12.0,2014/08/11,0,,,,34665,0,,内税,,,,124,目黒信用金庫,,,34665,0,,内税,,,,目黒信金200万口
12.0,2014/08/11,352,長期借入金,1.0,目黒信金200万口,33000,0,,内税,,,,0,,,,33000,0,,内税,,,,目黒信金200万口
12.0,2014/08/11,821,支払利息,1.0,目黒信金200万口,1665,0,,内税,34.0,,,0,,,,1665,0,,内税,,,,目黒信金200万口
13.0,2014/09/10,0,,,,34336,0,0.0,内税,,,,124,目黒信用金庫,,,34336,0,0.0,内税,,,,目黒信金200万口
13.0,2014/09/10,352,長期借入金,1.0,目黒信金200万口,33000,0,0.0,内税,,,,0,,,,33000,0,0.0,内税,,,,目黒信金200万口
13.0,2014/09/10,821,支払利息,1.0,目黒信金200万口,1336,0,0.0,内税,,,,0,,,,1336,0,0.0,内税,,,,目黒信金200万口
14.0,2014/10/31,0,,,,34617,0,0.0,内税,,,,124,目黒信用金庫,,,34617,0,0.0,内税,,,,目黒信金200万口
14.0,2014/10/31,352,長期借入金,1.0,目黒信金200万口,33000,0,0.0,内税,,,,0,,,,33000,0,0.0,内税,,,,目黒信金200万口
14.0,2014/10/31,821,支払利息,1.0,目黒信金200万口,1271,0,0.0,内税,,,,0,,,,1271,0,0.0,内税,,,,目黒信金200万口
14.0,2014/10/31,821,支払利息,1.0,目黒信金200万口,346,0,0.0,内税,34.0,,,0,,,,346,0,0.0,内税,,,,目黒信金200万口　延滞金
,2014/08/12,101,現金,,,300000,0,,内税,,,,124,目黒信用金庫,,,300000,0,,内税,,,,弓削学
,2014/08/12,733,支払手数料,,,100,8,8.0,内税,31.0,,,124,目黒信用金庫,,,108,0,,内税,,,,弓削学
,2014/08/20,101,現金,,,200000,0,,内税,,,,124,目黒信用金庫,,,200000,0,,内税,,,,弓削学
,2014/08/26,101,現金,,,100000,0,,内税,,,,124,目黒信用金庫,,,100000,0,,内税,,,,弓削学
,2014/09/03,101,現金,,,150000,0,,内税,,,,124,目黒信用金庫,,,150000,0,,内税,,,,弓削学
,2014/09/09,531,外注費,,,185186,14814,8.0,内税,31.0,,,124,目黒信用金庫,,,200000,0,0.0,内税,,,,ほほえみ薬局　㈱四五コーポレーション　内照明他
,2014/09/09,733,支払手数料,,,600,48,8.0,内税,31.0,,,124,目黒信用金庫,,,648,0,0.0,内税,,,,振込手数料　㈱四五コーポレーション
15.0,2014/09/14,124,目黒信用金庫,,,39,0,0.0,内税,,,,0,,,,39,0,0.0,内税,,,,弓削学
,2014/09/16,101,現金,,,200000,0,0.0,内税,,,,124,目黒信用金庫,,,200000,0,0.0,内税,,,,弓削学
,2014/09/18,124,目黒信用金庫,,,70776,0,,内税,,,,101,現金,,,70776,0,,内税,,,,弓削学
,2014/09/18,531,外注費,,,118350,9468,8.0,内税,31.0,,,124,目黒信用金庫,,,127818,0,0.0,内税,,,,ほほえみ薬局　㈲コバヤシ看板
,2014/09/18,733,支払手数料,,,600,48,8.0,内税,31.0,,,124,目黒信用金庫,,,648,0,0.0,内税,,,,振込手数料　㈲コバヤシ看板
,2014/10/17,101,現金,,,5000,0,,内税,,,,124,目黒信用金庫,,,5000,0,,内税,,,,弓削学
,2014/10/31,124,目黒信用金庫,,,266000,0,,内税,,,,101,現金,,,266000,0,,内税,,,,弓削学
,2014/08/26,121,みずほ恵比寿,,,30000,0,,内税,,,,101,現金,,,30000,0,,内税,,,,弓削学
,2014/08/27,189,事業主貸,,,15000,0,,内税,,,,121,みずほ恵比寿,,,15000,0,,内税,,,,オリコ
,2014/09/29,189,事業主貸,,,15000,0,,内税,,,,121,みずほ恵比寿,,,15000,0,,内税,,,,オリコ
,2014/10/01,121,みずほ恵比寿,,,50000,0,,内税,,,,327,事業主借,,,50000,0,,内税,,,,パルセンター
,2014/10/01,101,現金,,,50000,0,,内税,,,,121,みずほ恵比寿,,,50000,0,,内税,,,,弓削学
,2014/10/01,189,事業主貸,,,108,0,,内税,,,,121,みずほ恵比寿,,,108,0,,内税,,,,弓削学
,2014/10/30,121,みずほ恵比寿,,,70000,0,,内税,,,,101,現金,,,70000,0,,内税,,,,弓削学
,2014/10/30,189,事業主貸,,,108,0,,内税,,,,121,みずほ恵比寿,,,108,0,,内税,,,,弓削学
,2014/07/31,189,事業主貸,,,10000,0,,内税,,,,123,三井住友,,,10000,0,,内税,,,,融資ご返済
,2014/08/18,123,三井住友,,,1,0,0.0,内税,,,,327,事業主借,,,1,0,0.0,内税,0.0,,,弓削学
,2014/08/26,189,事業主貸,,,2520,0,,内税,,,,123,三井住友,,,2520,0,,内税,,,,ＮＨＫ
,2014/08/28,724,水道光熱費,,,3939,315,8.0,内税,31.0,,,123,三井住友,,,4254,0,0.0,内税,,,,7月～8月分東京都水道局　水道料金
,2014/09/01,189,事業主貸,,,10000,0,,内税,,,,123,三井住友,,,10000,0,,内税,,,,融資ご返済
,2014/09/30,189,事業主貸,,,1571,0,0.0,内税,,,,123,三井住友,,,1571,0,0.0,内税,,,,融資ご返済
11.0,2014/08/18,0,,,,30,0,0.0,内税,,,,327,事業主借,,,30,0,0.0,内税,,,,弓削学
15.0,2014/09/14,0,,,,39,0,0.0,内税,,,,327,事業主借,,,39,0,0.0,内税,,,,弓削学
,2014/09/29,613,材料仕入,,,838,67,8.0,内税,31.0,,,101,現金,,,905,0,,内税,,,,㈱ビックカメラ　Ａケーブル
,2014/09/16,531,外注費,,,23000,1840,8.0,内税,31.0,,,101,現金,,,24840,0,,内税,,,,水まわりのアシスト
,2014/08/31,531,外注費,,,27778,2222,8.0,内税,31.0,,,101,現金,,,30000,0,0.0,内税,,,,ほほえみ薬局　竹内桂子　パース作成費
,2014/09/30,531,外注費,,,46297,3703,8.0,内税,31.0,,,101,現金,,,50000,0,0.0,内税,,,,ほほえみ薬局　竹内桂子　パース作成費
,2014/09/03,722,消耗品費,,,9723,777,8.0,内税,31.0,,,101,現金,,,10500,0,,内税,,,,無印良品
,2014/09/09,722,消耗品費,,,13641,1091,8.0,内税,31.0,,,101,現金,,,14732,0,,内税,,,,フッフール　箱類
,2014/09/13,721,旅費交通費,,,371,29,8.0,内税,31.0,,,101,現金,,,400,0,,内税,,,,三井のリパーク　駐車場代
,2014/09/15,726,接待交際費,,,1565,125,8.0,内税,31.0,,,101,現金,,,1690,0,,内税,,,,サンクス　飲み物差し入れ
,2014/09/15,613,材料仕入,,,4525,362,8.0,内税,31.0,,,101,現金,,,4887,0,0.0,内税,,,,島忠ホームセンター　クッション他
,2014/09/16,531,外注費,,,36028,2882,8.0,内税,31.0,,,101,現金,,,38910,0,0.0,内税,,,,ほほえみ薬局　㈱大空リサイクルセンター　処理代
,2014/09/16,531,外注費,,,57628,4610,8.0,内税,31.0,,,101,現金,,,62238,0,0.0,内税,,,,ほほえみ薬局　㈱大空リサイクルセンター　処理代
,2014/09/16,721,旅費交通費,,,1225,97,8.0,内税,31.0,,,101,現金,,,1322,0,,内税,,,,ＩＤＥＭＩＴＳＵ　ガソリン代
,2014/09/16,721,旅費交通費,,,371,29,8.0,内税,31.0,,,101,現金,,,400,0,,内税,,,,三井のリパーク　駐車場代
,2014/09/16,721,旅費交通費,,,32400,2592,8.0,内税,31.0,,,101,現金,,,34992,0,0.0,内税,,,,㈱トヨタレンタリース東京　レンタカー代
,2014/09/21,722,消耗品費,,,3216,257,8.0,内税,31.0,,,101,現金,,,3473,0,,内税,,,,ケーヨーデイツー　Ｄ２パイン集成材他
,2014/09/22,722,消耗品費,,,3681,294,8.0,内税,31.0,,,101,現金,,,3975,0,,内税,,,,スーパービバホーム　プロテクター他
,2014/09/30,531,外注費,,,55556,4444,8.0,内税,31.0,,,101,現金,,,60000,0,0.0,内税,,,,ほほえみ薬局　中川亮介　薬局改修工事一式
,2014/07/09,721,旅費交通費,,,4510,360,8.0,内税,31.0,,,101,現金,,,4870,0,,内税,,,,伊藤タクシー　タクシー代
,2014/07/10,721,旅費交通費,,,4630,370,8.0,内税,31.0,,,101,現金,,,5000,0,,内税,,,,東京地下鉄㈱　チャージ代
,2014/07/26,721,旅費交通費,,,186,14,8.0,内税,31.0,,,101,現金,,,200,0,,内税,,,,三井のリパーク　駐車場代
,2014/07/26,721,旅費交通費,,,30612,2448,8.0,内税,31.0,,,101,現金,,,33060,0,0.0,内税,,,,ＩＤＥＭＩＴＳＵ　レンタカー代
,2014/07/28,721,旅費交通費,,,1204,96,8.0,内税,31.0,,,101,現金,,,1300,0,0.0,内税,,,,三井のリパーク　駐車場代
,2014/07/28,721,旅費交通費,,,5624,449,8.0,内税,31.0,,,101,現金,,,6073,0,0.0,内税,,,,ＩＤＥＭＩＴＳＵ　ガソリン代
,2014/07/29,721,旅費交通費,,,5411,432,8.0,内税,31.0,,,101,現金,,,5843,0,0.0,内税,,,,ＩＤＥＭＩＴＳＵ　ガソリン代
,2014/08/02,721,旅費交通費,,,2260,180,8.0,内税,31.0,,,101,現金,,,2440,0,0.0,内税,,,,大輝交通㈱　タクシー代
,2014/08/03,721,旅費交通費,,,1676,134,8.0,内税,31.0,,,101,現金,,,1810,0,0.0,内税,,,,国光自動車㈱　タクシー代
,2014/08/07,721,旅費交通費,,,1510,120,8.0,内税,31.0,,,101,現金,,,1630,0,0.0,内税,,,,帝都自動車交通㈱　タクシー代
,2014/08/07,721,旅費交通費,,,2510,200,8.0,内税,31.0,,,101,現金,,,2710,0,0.0,内税,,,,日本交通　タクシー代
,2014/08/09,721,旅費交通費,,,1260,100,8.0,内税,31.0,,,101,現金,,,1360,0,0.0,内税,,,,飛鳥交通第七㈱　タクシー代
,2014/08/12,721,旅費交通費,,,371,29,8.0,内税,31.0,,,101,現金,,,400,0,0.0,内税,,,,三井のリパーク　駐車場代
,2014/08/13,721,旅費交通費,,,1112,88,8.0,内税,31.0,,,101,現金,,,1200,0,0.0,内税,,,,北越急行㈱　乗車券代
,2014/08/17,721,旅費交通費,,,926,74,8.0,内税,31.0,,,101,現金,,,1000,0,0.0,内税,,,,㈱日の丸交通深川　タクシー代
,2014/08/24,721,旅費交通費,,,926,74,8.0,内税,31.0,,,101,現金,,,1000,0,0.0,内税,,,,大竹タクシー　タクシー代
,2014/08/31,721,旅費交通費,,,926,74,8.0,内税,31.0,,,101,現金,,,1000,0,,内税,,,,大東京自動車㈱　タクシー代
,2014/09/14,721,旅費交通費,,,1010,80,8.0,内税,31.0,,,101,現金,,,1090,0,,内税,,,,荏原　タクシー代
,2014/09/14,721,旅費交通費,,,2713,217,8.0,内税,31.0,,,101,現金,,,2930,0,,内税,,,,東京ＭＫタクシー代
,2014/10/10,721,旅費交通費,,,1139,91,8.0,内税,31.0,,,101,現金,,,1230,0,,内税,,,,ＮＥＸＣＯ東日本　高速代
,2014/10/10,721,旅費交通費,,,1139,91,8.0,内税,31.0,,,101,現金,,,1230,0,,内税,,,,ＮＥＸＣＯ東日本　高速代
,2014/10/10,721,旅費交通費,,,463,37,8.0,内税,31.0,,,101,現金,,,500,0,,内税,,,,谷川岳ロープウェー㈱　駐車場代
,2014/10/17,721,旅費交通費,,,17047,1363,8.0,内税,31.0,,,101,現金,,,18410,0,,内税,,,,ＪＲ東日本　定期券代　クレ
,2014/07/24,723,通信費,,,8973,717,8.0,内税,31.0,,,101,現金,,,9690,0,,内税,,,,７月分㈱ＮＴＴドコモ　電話料金
,2014/08/20,723,通信費,,,9152,732,8.0,内税,31.0,,,101,現金,,,9884,0,,内税,,,,８月分㈱ＮＴＴドコモ　電話料金
,2014/10/01,723,通信費,,,8970,717,8.0,内税,31.0,,,101,現金,,,9687,0,,内税,,,,９月分㈱ＮＴＴドコモ　電話料金
,2014/10/29,723,通信費,,,9150,731,8.0,内税,31.0,,,101,現金,,,9881,0,,内税,,,,10月分㈱ＮＴＴドコモ　電話料金
,2014/07/24,723,通信費,,,4406,352,8.0,内税,31.0,,,101,現金,,,4758,0,0.0,内税,,,,７月分ＮＴＴファイナンス㈱　電話料金
,2014/08/20,723,通信費,,,4406,352,8.0,内税,31.0,,,101,現金,,,4758,0,0.0,内税,,,,８月分ＮＴＴファイナンス㈱　電話料金
,2014/10/01,723,通信費,,,4438,355,8.0,内税,31.0,,,101,現金,,,4793,0,0.0,内税,,,,９月分ＮＴＴファイナンス㈱　電話料金
,2014/10/29,723,通信費,,,4470,357,8.0,内税,31.0,,,101,現金,,,4827,0,,内税,,,,10月分ＮＴＴファイナンス㈱　電話料金
,2014/07/24,724,水道光熱費,,,1645,131,8.0,内税,31.0,,,101,現金,,,1776,0,0.0,内税,,,,７月分東京ガス㈱　ガス料金
,2014/08/20,724,水道光熱費,,,1489,119,8.0,内税,31.0,,,101,現金,,,1608,0,0.0,内税,,,,８月分東京ガス㈱　ガス料金
,2014/10/29,724,水道光熱費,,,3260,260,8.0,内税,31.0,,,101,現金,,,3520,0,0.0,内税,,,,9月・10月分東京ガス㈱　ガス料金
,2014/07/24,724,水道光熱費,,,2816,225,8.0,内税,31.0,,,101,現金,,,3041,0,,内税,,,,７月分東京電力㈱　電気料金
,2014/08/07,724,水道光熱費,,,4188,335,8.0,内税,31.0,,,101,現金,,,4523,0,,内税,,,,８月分東京電力㈱　電気料金
,2014/08/20,724,水道光熱費,,,2887,230,8.0,内税,31.0,,,101,現金,,,3117,0,,内税,,,,６月分東京電力㈱　電気料金
,2014/10/29,724,水道光熱費,,,2460,196,8.0,内税,31.0,,,101,現金,,,2656,0,,内税,,,,10月分東京電力㈱　電気料金
,2014/10/29,724,水道光熱費,,,2929,234,8.0,内税,31.0,,,101,現金,,,3163,0,,内税,,,,９月分東京電力㈱　電気料金
,2014/07/24,724,水道光熱費,,,3928,314,8.0,内税,31.0,,,101,現金,,,4242,0,0.0,内税,,,,３月～４月分東京都水道局　水道料金
,2014/07/24,189,事業主貸,,,10000,0,,内税,,,,101,現金,,,10000,0,,内税,,,,住民税
,2014/07/24,189,事業主貸,,,10000,0,,内税,,,,101,現金,,,10000,0,,内税,,,,住民税
,2014/08/20,189,事業主貸,,,49000,0,,内税,,,,101,現金,,,49000,0,,内税,,,,住民税
,2014/08/20,189,事業主貸,,,10000,0,,内税,,,,101,現金,,,10000,0,,内税,,,,住民税
,2014/08/20,189,事業主貸,,,3500,0,,内税,,,,101,現金,,,3500,0,,内税,,,,住民税
,2014/08/20,189,事業主貸,,,6500,0,,内税,,,,101,現金,,,6500,0,,内税,,,,住民税
,2014/10/29,189,事業主貸,,,10000,0,,内税,,,,101,現金,,,10000,0,,内税,,,,住民税
,2014/10/29,189,事業主貸,,,10000,0,,内税,,,,101,現金,,,10000,0,,内税,,,,住民税
,2014/10/29,189,事業主貸,,,49000,0,,内税,,,,101,現金,,,49000,0,,内税,,,,住民税
,2014/10/29,189,事業主貸,,,10000,0,,内税,,,,101,現金,,,10000,0,,内税,,,,住民税
,2014/10/29,189,事業主貸,,,10000,0,,内税,,,,101,現金,,,10000,0,,内税,,,,住民税
,2014/07/24,189,事業主貸,,,22440,0,0.0,内税,,,,101,現金,,,22440,0,0.0,内税,,,,国民健康保険料
,2014/08/20,189,事業主貸,,,12150,0,,内税,,,,101,現金,,,12150,0,,内税,,,,国民健康保険料
,2014/08/20,189,事業主貸,,,22440,0,,内税,,,,101,現金,,,22440,0,,内税,,,,国民健康保険料
,2014/10/29,189,事業主貸,,,22440,0,,内税,,,,101,現金,,,22440,0,,内税,,,,国民健康保険料
,2014/10/29,189,事業主貸,,,12150,0,,内税,,,,101,現金,,,12150,0,,内税,,,,国民健康保険料
,2014/10/29,189,事業主貸,,,12150,0,,内税,,,,101,現金,,,12150,0,,内税,,,,国民健康保険料
,2014/10/29,189,事業主貸,,,22440,0,,内税,,,,101,現金,,,22440,0,,内税,,,,国民健康保険料
16.0,2014/09/05,729,賃借料,,,64815,5185,8.0,内税,31.0,,,124,目黒信用金庫,,,70000,0,0.0,内税,,,,ヨシカワショウジ
16.0,2014/09/05,189,事業主貸,,,40000,0,0.0,内税,,,,729,賃借料,,,37038,2962,8.0,内税,31.0,,,家事消費分の地代家賃
16.0,2014/09/05,733,支払手数料,,,600,48,8.0,内税,31.0,,,124,目黒信用金庫,,,648,0,0.0,内税,,,,振込手数料　ヨシカワショウジ
,2014/11/06,189,事業主貸,,,6822,0,,内税,,,,101,現金,,,6822,0,,内税,,,,弓削学
,2014/07/01,726,接待交際費,,,4630,370,8.0,内税,31.0,,,101,現金,,,5000,0,0.0,内税,,,,UNION　接待飲食代
,2014/07/01,726,接待交際費,,,9040,723,8.0,内税,31.0,,,101,現金,,,9763,0,,内税,,,,すしまみれ　接待飲食代
,2014/07/08,726,接待交際費,,,13750,1100,8.0,内税,31.0,,,101,現金,,,14850,0,0.0,内税,,,,Pignon　接待飲食代
,2014/07/08,726,接待交際費,,,2612,208,8.0,内税,31.0,,,101,現金,,,2820,0,0.0,内税,,,,GINDACO　接待飲食代
,2014/07/09,726,接待交際費,,,5063,405,8.0,内税,31.0,,,101,現金,,,5468,0,,内税,,,,すしざんまい　接待飲食代
,2014/07/10,726,接待交際費,,,12797,1023,8.0,内税,31.0,,,101,現金,,,13820,0,,内税,,,,いふう　接待飲食代
,2014/07/16,726,接待交際費,,,7038,562,8.0,内税,31.0,,,101,現金,,,7600,0,,内税,,,,Hai-Sai ROPPONGI　接待飲食代
,2014/07/25,726,接待交際費,,,5113,409,8.0,内税,31.0,,,101,現金,,,5522,0,,内税,,,,anea cafe　接待飲食代
,2014/07/28,726,接待交際費,,,3810,304,8.0,内税,31.0,,,101,現金,,,4114,0,,内税,,,,活　接待飲食代
,2014/07/29,726,接待交際費,,,10700,856,8.0,内税,31.0,,,101,現金,,,11556,0,,内税,,,,大江戸　接待飲食代
,2014/08/02,726,接待交際費,,,29075,2325,8.0,内税,31.0,,,101,現金,,,31400,0,0.0,内税,,,,㈲シナプス・ネットワーク　接待飲食代
,2014/08/05,726,接待交際費,,,7232,578,8.0,内税,31.0,,,101,現金,,,7810,0,,内税,,,,kiokuh　接待飲食代
,2014/08/16,726,接待交際費,,,15170,1213,8.0,内税,31.0,,,101,現金,,,16383,0,,内税,,,,セニョールどいちゃん　接待飲食代
,2014/08/21,726,接待交際費,,,10000,800,8.0,内税,31.0,,,101,現金,,,10800,0,,内税,,,,ビストロ・シン　接待飲食代
,2014/08/22,726,接待交際費,,,8000,640,8.0,内税,31.0,,,101,現金,,,8640,0,,内税,,,,カノビアーノ　接待飲食代
,2014/08/29,726,接待交際費,,,1060,84,8.0,内税,31.0,,,101,現金,,,1144,0,,内税,,,,渋谷メトロプラザ　接待飲食代
,2014/08/30,726,接待交際費,,,3940,315,8.0,内税,31.0,,,101,現金,,,4255,0,,内税,,,,紅虎餃子房　接待飲食代
,2014/09/03,726,接待交際費,,,1806,144,8.0,内税,31.0,,,101,現金,,,1950,0,,内税,,,,ステーキのどん　接待飲食代
,2014/09/05,726,接待交際費,,,9288,742,8.0,内税,31.0,,,101,現金,,,10030,0,,内税,,,,マイアミパティオ　接待飲食代
,2014/09/16,726,接待交際費,,,8750,700,8.0,内税,31.0,,,101,現金,,,9450,0,,内税,,,,仲垣　接待飲食代
,2014/10/03,726,接待交際費,,,9875,790,8.0,内税,31.0,,,101,現金,,,10665,0,,内税,,,,おはし　接待飲食代
,2014/10/29,726,接待交際費,,,2038,162,8.0,内税,31.0,,,101,現金,,,2200,0,,内税,,,,小天地　接待飲食代
,2014/10/31,726,接待交際費,,,8519,681,8.0,内税,31.0,,,101,現金,,,9200,0,,内税,,,,びーふてい　接待飲食代
,2014/07/07,716,福利厚生費,,,3889,311,8.0,内税,31.0,,,101,現金,,,4200,0,0.0,内税,,,,MUJI　作業用シャツ
,2014/07/07,722,消耗品費,,,1945,155,8.0,内税,31.0,,,101,現金,,,2100,0,,内税,,,,MUJI　電卓
,2014/07/07,728,事務用品費,,,3960,316,8.0,内税,31.0,,,101,現金,,,4276,0,0.0,内税,,,,世界堂　三角定規他
,2014/07/08,728,事務用品費,,,4300,344,8.0,内税,31.0,,,101,現金,,,4644,0,,内税,,,,FREITAG　ペンケース
,2014/07/09,722,消耗品費,,,1000,80,8.0,内税,31.0,,,101,現金,,,1080,0,,内税,,,,㈲萩原商店
,2014/07/10,722,消耗品費,,,18500,1480,8.0,内税,31.0,,,101,現金,,,19980,0,0.0,内税,,,,Brooks Brothers　靴他
,2014/07/09,726,接待交際費,,,1600,128,8.0,内税,31.0,,,101,現金,,,1728,0,,内税,,,,亀屋　どらやき
,2014/07/10,716,福利厚生費,,,1389,111,8.0,内税,31.0,,,101,現金,,,1500,0,0.0,内税,,,,無印良品　作業用シャツ
,2014/07/11,726,接待交際費,,,570,45,8.0,内税,31.0,,,101,現金,,,615,0,0.0,内税,,,,東急　贈答用お菓子
,2014/07/22,728,事務用品費,,,463,37,8.0,内税,31.0,,,101,現金,,,500,0,,内税,,,,無印良品　ファイル
,2014/07/15,722,消耗品費,,,400,32,8.0,内税,31.0,,,101,現金,,,432,0,0.0,内税,,,,世界堂　慶弔用品
,2014/07/15,722,消耗品費,,,2430,194,8.0,内税,31.0,,,101,現金,,,2624,0,0.0,内税,,,,世界堂　三角スケール他
,2014/07/15,722,消耗品費,,,880,70,8.0,内税,31.0,,,101,現金,,,950,0,,内税,,,,無印良品　ペンシルスタンド他
,2014/07/16,722,消耗品費,,,880,70,8.0,内税,31.0,,,101,現金,,,950,0,,内税,,,,ドン・キホーテ　メジャー
,2014/07/22,728,事務用品費,,,186,14,8.0,内税,31.0,,,101,現金,,,200,0,0.0,内税,,,,ローソン
,2014/07/26,730,新聞図書費,,,1944,0,,内税,34.0,,,101,現金,,,1944,0,,内税,,,,有隣堂　参考書籍
,2014/07/26,728,事務用品費,,,1238,99,8.0,内税,31.0,,,101,現金,,,1337,0,,内税,,,,Kinko's
,2014/07/31,728,事務用品費,,,371,29,8.0,内税,31.0,,,101,現金,,,400,0,,内税,,,,ローソン　コピー代
,2014/08/05,744,雑費,,,297,23,8.0,内税,31.0,,,101,現金,,,320,0,0.0,内税,,,,ローソン　プリント代
,2014/08/05,728,事務用品費,,,47,3,8.0,内税,31.0,,,101,現金,,,50,0,,内税,,,,ローソン　コピー代
,2014/08/05,744,雑費,,,186,14,8.0,内税,31.0,,,101,現金,,,200,0,0.0,内税,,,,ローソン　プリント代
,2014/08/06,722,消耗品費,,,934,74,8.0,内税,31.0,,,101,現金,,,1008,0,,内税,,,,Tomod's
,2014/08/07,722,消耗品費,,,850,67,8.0,内税,31.0,,,101,現金,,,917,0,,内税,,,,東急ハンズ　カッター
,2014/08/07,722,消耗品費,,,1430,114,8.0,内税,31.0,,,101,現金,,,1544,0,,内税,,,,東急ハンズ　油性スプレー
,2014/08/10,728,事務用品費,,,556,44,8.0,内税,31.0,,,101,現金,,,600,0,,内税,,,,ローソン
,2014/08/11,728,事務用品費,,,600,48,8.0,内税,31.0,,,101,現金,,,648,0,,内税,,,,有隣堂　ボールペン
,2014/08/11,728,事務用品費,,,463,37,8.0,内税,31.0,,,101,現金,,,500,0,,内税,,,,ローソン
,2014/08/11,722,消耗品費,,,2223,177,8.0,内税,31.0,,,101,現金,,,2400,0,,内税,,,,無印良品　収納ボックス
,2014/08/12,728,事務用品費,,,1360,108,8.0,内税,31.0,,,101,現金,,,1468,0,,内税,,,,東急ハンズ　シャープペン
,2014/08/12,728,事務用品費,,,23797,1903,8.0,内税,31.0,,,101,現金,,,25700,0,,内税,,,,㈱ヤマダ電機　PC用品
,2014/08/12,728,事務用品費,,,648,51,8.0,内税,31.0,,,101,現金,,,699,0,,内税,,,,㈱ヤマダ電機　乾電池
,2014/08/14,744,雑費,,,121,9,8.0,内税,31.0,,,101,現金,,,130,0,0.0,内税,,,,セブンイレブン　プリント代
,2014/08/16,716,福利厚生費,,,12000,960,8.0,内税,31.0,,,101,現金,,,12960,0,0.0,内税,,,,Brooks Brothers
,2014/08/20,744,雑費,,,158,12,8.0,内税,31.0,,,101,現金,,,170,0,0.0,内税,,,,ローソン　プリント代
,2014/08/22,730,新聞図書費,,,4320,0,,内税,34.0,,,101,現金,,,4320,0,,内税,,,,蔦屋書店　参考書籍
,2014/08/26,728,事務用品費,,,51855,4148,8.0,内税,31.0,,,101,現金,,,56003,0,,内税,,,,㈱ヤマダ電機　プリンター
,2014/08/29,726,接待交際費,,,650,52,8.0,内税,31.0,,,101,現金,,,702,0,,内税,,,,東急百貨店
,2014/09/02,726,接待交際費,,,1334,106,8.0,内税,31.0,,,101,現金,,,1440,0,,内税,,,,横浜ベイホテル東急　贈答用お菓子
,2014/09/08,723,通信費,,,608,48,8.0,内税,31.0,,,101,現金,,,656,0,,内税,,,,ヤマト運輸㈱　宅急便
,2014/09/07,728,事務用品費,,,741,59,8.0,内税,31.0,,,101,現金,,,800,0,,内税,,,,㈱総合資格　製図用紙
,2014/09/24,728,事務用品費,,,186,14,8.0,内税,31.0,,,101,現金,,,200,0,,内税,,,,無印良品　封筒
,2014/09/29,728,事務用品費,,,408,32,8.0,内税,31.0,,,101,現金,,,440,0,,内税,,,,㈱ビックカメラ　コピー用紙
,2014/10/07,730,新聞図書費,,,2958,0,,内税,34.0,,,101,現金,,,2958,0,,内税,,,,蔦屋書店　参考書籍
,2014/10/17,728,事務用品費,,,2278,182,8.0,内税,31.0,,,101,現金,,,2460,0,,内税,,,,㈱ヤマダ電機　テンキー電卓
,2014/10/25,716,福利厚生費,,,5667,453,8.0,内税,31.0,,,101,現金,,,6120,0,0.0,内税,,,,ユニクロ　作業用シャツ他
,2014/10/25,716,福利厚生費,,,5000,400,8.0,内税,31.0,,,101,現金,,,5400,0,0.0,内税,,,,無印良品　作業用シャツ
,2014/08/15,723,通信費,,,260,20,8.0,内税,31.0,,,101,現金,,,280,0,,内税,,,,日本郵便㈱　切手代
,2014/05/14,725,租税公課,99.0,他：,800,0,,内税,,,,101,現金,,,800,0,,内税,,,,他：目黒税務署　納税証明書
17.0,2014/10/31,0,,,,62640,0,0.0,内税,,,,122,みずほ中目黒,,,62640,0,0.0,内税,,,,山田建具店
17.0,2014/10/31,531,外注費,,,40000,3200,8.0,内税,31.0,,,0,,,,43200,0,0.0,内税,,,,ほほえみ薬局　山田建具店　スイング扉取付他
17.0,2014/10/31,531,外注費,,,18000,1440,8.0,内税,31.0,,,0,,,,19440,0,0.0,内税,,,,ＵＮＩ　山田建具店　スライド蝶番取付
17.0,2014/10/31,733,支払手数料,,,200,16,8.0,内税,31.0,,,0,,,,216,0,0.0,内税,,,,振込手数料　山田建具店
17.0,2014/10/31,0,,,,216,0,0.0,内税,,,,122,みずほ中目黒,,,216,0,0.0,内税,,,,振込手数料　山田建具店
,2014/11/01,726,接待交際費,,,13417,1073,8.0,内税,31.0,,,101,現金,,,14490,0,,内税,,,,㈱ダイヤモンドダイニング　接待飲食代
,2014/11/01,726,接待交際費,,,7315,585,8.0,内税,31.0,,,101,現金,,,7900,0,,内税,,,,ＭＡＲＴＨＡ　接待飲食代
,2014/11/02,726,接待交際費,,,20139,1611,8.0,内税,31.0,,,101,現金,,,21750,0,,内税,,,,遠藤利三郎商店　接待飲食代
,2014/11/06,726,接待交際費,,,7889,631,8.0,内税,31.0,,,101,現金,,,8520,0,,内税,,,,水天宮豊丸　接待飲食代
,2014/11/07,726,接待交際費,,,5232,418,8.0,内税,31.0,,,101,現金,,,5650,0,,内税,,,,そなや　接待飲食代
,2014/11/14,726,接待交際費,,,8843,707,8.0,内税,31.0,,,101,現金,,,9550,0,,内税,,,,ニュー信州　接待飲食代
,2014/11/15,726,接待交際費,,,19840,1587,8.0,内税,31.0,,,101,現金,,,21427,0,,内税,,,,ＡＺＡＢＵ屋　接待飲食代
,2014/11/15,726,接待交際費,,,7450,596,8.0,内税,31.0,,,101,現金,,,8046,0,,内税,,,,北海道新得町塚田農場　接待飲食代
,2014/11/17,726,接待交際費,,,1357,108,8.0,内税,31.0,,,101,現金,,,1465,0,,内税,,,,㈱大戸屋　接待飲食代
,2014/11/20,726,接待交際費,,,2362,188,8.0,内税,31.0,,,101,現金,,,2550,0,,内税,,,,晩杯屋　接待飲食代
,2014/11/21,726,接待交際費,,,2850,228,8.0,内税,31.0,,,101,現金,,,3078,0,,内税,,,,活　接待飲食代
,2014/11/21,726,接待交際費,,,4030,322,8.0,内税,31.0,,,101,現金,,,4352,0,,内税,,,,串かつ田中　接待飲食代
,2014/11/23,726,接待交際費,,,2380,190,8.0,内税,31.0,,,101,現金,,,2570,0,,内税,,,,晩杯屋　接待飲食代
,2014/11/23,726,接待交際費,,,3834,306,8.0,内税,31.0,,,101,現金,,,4140,0,,内税,,,,たこや　接待飲食代
,2014/11/26,729,賃借料,,,64815,5185,8.0,内税,31.0,,,121,みずほ恵比寿,,,70000,0,,内税,,,,ヨシカワショウジ
,2014/11/26,189,事業主貸,,,40000,0,,内税,,,,729,賃借料,,,37038,2962,8.0,内税,31.0,,,家事消費分の地代家賃
,2014/11/26,733,支払手数料,,,400,32,8.0,内税,31.0,,,121,みずほ恵比寿,,,432,0,,内税,,,,振込手数料　ヨシカワショウジ
,2014/11/26,724,水道光熱費,,,2807,224,8.0,内税,31.0,,,101,現金,,,3031,0,0.0,内税,,,,11月分東京電力㈱　電気料金
,2014/11/26,723,通信費,,,8973,717,8.0,内税,31.0,,,101,現金,,,9690,0,0.0,内税,,,,11月分㈱ＮＴＴドコモ　電話料金
,2014/11/26,723,通信費,,,4406,352,8.0,内税,31.0,,,101,現金,,,4758,0,0.0,内税,,,,11月分ＮＴＴファイナンス㈱　電話料金
,2014/11/26,724,水道光熱費,,,2559,204,8.0,内税,31.0,,,101,現金,,,2763,0,0.0,内税,,,,11月分東京ガス㈱　ガス料金
,2014/11/26,189,事業主貸,,,12150,0,,内税,,,,101,現金,,,12150,0,,内税,,,,国民健康保険料
,2014/11/26,189,事業主貸,,,12150,0,,内税,,,,101,現金,,,12150,0,,内税,,,,国民健康保険料
,2014/11/26,189,事業主貸,,,22440,0,,内税,,,,101,現金,,,22440,0,,内税,,,,国民健康保険料
,2014/11/26,189,事業主貸,,,10000,0,,内税,,,,101,現金,,,10000,0,,内税,,,,住民税
,2014/11/26,189,事業主貸,,,10000,0,,内税,,,,101,現金,,,10000,0,,内税,,,,住民税
,2014/11/26,724,水道光熱費,,,4039,323,8.0,内税,31.0,,,101,現金,,,4362,0,0.0,内税,,,,9月～10月分東京都水道局　水道料金
,2014/11/02,721,旅費交通費,,,1176,94,8.0,内税,31.0,,,101,現金,,,1270,0,,内税,,,,大東京自動車㈱　タクシー代
,2014/11/15,721,旅費交通費,,,1760,140,8.0,内税,31.0,,,101,現金,,,1900,0,,内税,,,,東京ＭＫタクシー　タクシー代
,2014/11/21,721,旅費交通費,,,5093,407,8.0,内税,31.0,,,101,現金,,,5500,0,0.0,内税,,,,ジャパンレンタカー㈱　レンタカー代
,2014/11/21,721,旅費交通費,,,1375,110,8.0,内税,31.0,,,101,現金,,,1485,0,,内税,,,,日米石油㈱　ガソリン代
,2014/11/01,728,事務用品費,,,1319,105,8.0,内税,31.0,,,101,現金,,,1424,0,0.0,内税,,,,㈱世界堂　デザインバッグ・筒類
,2014/11/01,728,事務用品費,,,2900,231,8.0,内税,31.0,,,101,現金,,,3131,0,0.0,内税,,,,㈱世界堂　ペン・年間ダイアリー
,2014/10/17,728,事務用品費,,,204,16,8.0,内税,31.0,,,101,現金,,,220,0,,内税,,,,無印良品　ノート
,2014/11/02,730,新聞図書費,,,3240,0,,内税,34.0,,,101,現金,,,3240,0,,内税,,,,ＭＡＲＵＺＥＮ　参考書籍代
,2014/11/06,722,消耗品費,,,1200,96,8.0,内税,31.0,,,101,現金,,,1296,0,,内税,,,,生活道具屋surou　雑貨
,2014/11/07,728,事務用品費,,,1653,132,8.0,内税,31.0,,,101,現金,,,1785,0,,内税,,,,㈱世界堂　クリアホルダー・フラットファイル
,2014/11/09,733,支払手数料,,,1112,88,8.0,内税,31.0,,,101,現金,,,1200,0,,内税,,,,ザハ・ハディド　展示会
,2014/11/09,730,新聞図書費,,,1188,0,0.0,内税,34.0,,,101,現金,,,1188,0,0.0,内税,,,,Amazon　参考書籍代　クレ
,2014/11/10,722,消耗品費,,,612,48,8.0,内税,31.0,,,101,現金,,,660,0,,内税,,,,takeyari‐canvas
,2014/11/13,716,福利厚生費,,,1690,135,8.0,内税,31.0,,,101,現金,,,1825,0,0.0,内税,,,,ユニクロ　作業着
,2014/11/13,722,消耗品費,,,2223,177,8.0,内税,31.0,,,101,現金,,,2400,0,,内税,,,,無印良品　トレー・メイクボックス
,2014/11/15,722,消耗品費,,,1209,96,8.0,内税,31.0,,,101,現金,,,1305,0,0.0,内税,,,,無印良品　ケース他
,2014/11/25,723,通信費,,,75,5,8.0,内税,31.0,,,101,現金,,,80,0,,内税,,,,日本郵便㈱　切手
,2014/11/28,722,消耗品費,,,472,37,8.0,内税,31.0,,,101,現金,,,509,0,,内税,,,,Amazon　印鑑
,2014/11/14,733,支払手数料,,,2778,222,8.0,内税,31.0,,,121,みずほ恵比寿,,,3000,0,0.0,内税,,,,新宿事務所　司法書士報酬
,2014/11/14,733,支払手数料,,,100,8,8.0,内税,31.0,,,121,みずほ恵比寿,,,108,0,,内税,,,,振込手数料　新宿事務所
,2014/11/14,189,事業主貸,,,10000,0,0.0,内税,,,,121,みずほ恵比寿,,,10000,0,0.0,内税,,,,弓削学　アコム㈱
,2014/11/14,189,事業主貸,,,216,0,0.0,内税,,,,121,みずほ恵比寿,,,216,0,0.0,内税,,,,弓削学　振込手数料　アコム㈱
,2014/11/26,189,事業主貸,,,9000,0,0.0,内税,0.0,,,121,みずほ恵比寿,,,9000,0,0.0,内税,,,,弓削学　新宿事務所　司法書士報酬
,2014/11/26,189,事業主貸,,,108,0,0.0,内税,0.0,,,121,みずほ恵比寿,,,108,0,0.0,内税,,,,弓削学　振込手数料　新宿事務所
,2014/11/26,189,事業主貸,,,9000,0,0.0,内税,,,,121,みずほ恵比寿,,,9000,0,0.0,内税,,,,弓削学　アコム㈱
,2014/11/26,189,事業主貸,,,216,0,0.0,内税,,,,121,みずほ恵比寿,,,216,0,0.0,内税,,,,弓削学　振込手数料　アコム㈱
,2014/11/26,189,事業主貸,,,10000,0,0.0,内税,,,,121,みずほ恵比寿,,,10000,0,0.0,内税,,,,弓削学　アコム㈱
,2014/11/26,189,事業主貸,,,216,0,0.0,内税,,,,121,みずほ恵比寿,,,216,0,0.0,内税,,,,弓削学　振込手数料　アコム㈱
,2014/09/30,166,売掛金,,,28728,0,,内税,,,,511,売上高,,,26600,2128,8.0,内税,11.0,,,㈱ＵＮＩＯＮ
,2014/11/30,166,売掛金,,,92880,0,,内税,,,,511,売上高,,,86000,6880,8.0,内税,11.0,,,㈱根津エンジニアリング
,2014/12/10,166,売掛金,,,32500,0,0.0,内税,,,,511,売上高,,,30093,2407,8.0,内税,11.0,,,ＧＲＩＰ＆Ｃｏ.
,2014/10/20,166,売掛金,,,150000,0,,内税,,,,511,売上高,,,138889,11111,8.0,内税,11.0,,,㈱MOTO
,2014/01/04,721,旅費交通費,,,5896,294,5.0,内税,31.0,,,101,現金,,,6190,0,,内税,,,,JR東日本　乗車券
,2014/01/01,726,接待交際費,,,10010,500,5.0,内税,31.0,,,101,現金,,,10510,0,,内税,,,,ビア＆ワイン　レストランサバス　飲食代
,2014/01/12,726,接待交際費,,,2058,102,5.0,内税,31.0,,,101,現金,,,2160,0,0.0,内税,,,,中華料理萬新菜館　飲食代
,2014/07/07,531,外注費,,,27778,2222,8.0,内税,31.0,,,101,現金,,,30000,0,0.0,内税,,,,ＵＮＩ　三田愛子　パーツ制作作業代
,2014/11/14,531,外注費,,,46297,3703,8.0,内税,31.0,,,122,みずほ中目黒,,,50000,0,0.0,内税,,,,ほほえみ薬局　㈱東洋防水工事　天井塗装工事　
,2014/11/14,733,支払手数料,,,200,16,8.0,内税,31.0,,,122,みずほ中目黒,,,216,0,,内税,,,,振込手数料　㈱東洋防水工事
,2014/11/14,531,外注費,,,41000,3280,8.0,内税,31.0,,,122,みずほ中目黒,,,44280,0,,内税,,,,みらい　㈱四五コーポレーション　目隠し工事
,2014/11/14,733,支払手数料,,,400,32,8.0,内税,31.0,,,122,みずほ中目黒,,,432,0,,内税,,,,振込手数料　㈱四五コーポレーション
,2014/12/09,531,外注費,,,46297,3703,8.0,内税,31.0,,,122,みずほ中目黒,,,50000,0,0.0,内税,,,,日の出　黒須技建　塗装工事
,2014/12/09,733,支払手数料,,,300,24,8.0,内税,31.0,,,122,みずほ中目黒,,,324,0,0.0,内税,,,,振込手数料　黒須技建
,2014/12/30,729,賃借料,,,64815,5185,8.0,内税,31.0,,,122,みずほ中目黒,,,70000,0,,内税,,,,ヨシカワショウジ　家賃
,2014/12/30,189,事業主貸,,,40000,0,0.0,内税,,,,729,賃借料,,,37038,2962,8.0,内税,31.0,,,家事消費分の地代家賃
,2014/12/30,733,支払手数料,,,400,32,8.0,内税,31.0,,,122,みずほ中目黒,,,432,0,0.0,内税,,,,振込手数料　ヨシカワショウジ
,2014/12/10,726,接待交際費,,,4213,337,8.0,内税,31.0,,,101,現金,,,4550,0,,内税,,,,大衆居酒屋そなや　飲食代
,2014/12/01,726,接待交際費,,,1889,151,8.0,内税,31.0,,,101,現金,,,2040,0,,内税,,,,㈱すかいらーく　飲食代
,2014/11/28,726,接待交際費,,,25926,2074,8.0,内税,31.0,,,101,現金,,,28000,0,,内税,,,,Heaven's Garden 飲食代
,2014/12/12,726,接待交際費,,,5220,417,8.0,内税,31.0,,,101,現金,,,5637,0,,内税,,,,さかなや道場　飲食代
,2014/12/14,726,接待交際費,,,660,52,8.0,内税,31.0,,,101,現金,,,712,0,,内税,,,,スターバックス　打合せコーヒー代
,2014/12/18,726,接待交際費,,,6880,550,8.0,内税,31.0,,,101,現金,,,7430,0,,内税,,,,串焼き処　渡来屋
,2014/12/22,726,接待交際費,,,1112,88,8.0,内税,31.0,,,101,現金,,,1200,0,,内税,,,,ポルックス　手土産
,2014/12/29,726,接待交際費,,,12982,1038,8.0,内税,31.0,,,101,現金,,,14020,0,,内税,,,,串かん　　飲食代
,2014/12/28,726,接待交際費,,,12019,961,8.0,内税,31.0,,,101,現金,,,12980,0,0.0,内税,,,,焼肉一番　べったこ亭　飲食代
,2014/12/28,726,接待交際費,,,6139,491,8.0,内税,31.0,,,101,現金,,,6630,0,,内税,,,,花町の宴あんじん恵比寿店　飲食代
,2014/12/01,721,旅費交通費,,,1260,100,8.0,内税,31.0,,,101,現金,,,1360,0,,内税,,,,明治自動車㈱　タクシー
,2014/12/13,721,旅費交通費,,,676,54,8.0,内税,31.0,,,101,現金,,,730,0,,内税,,,,台東タクシー　タクシー代
,2014/12/15,721,旅費交通費,,,676,54,8.0,内税,31.0,,,101,現金,,,730,0,,内税,,,,㈱グルーンキャブ　タクシー代
,2014/12/25,721,旅費交通費,,,1010,80,8.0,内税,31.0,,,101,現金,,,1090,0,,内税,,,,目黒自動車交通㈱　タクシー代
,2014/12/27,721,旅費交通費,,,1093,87,8.0,内税,31.0,,,101,現金,,,1180,0,,内税,,,,三和交通㈱　タクシー代
,2014/12/28,721,旅費交通費,,,2426,194,8.0,内税,31.0,,,101,現金,,,2620,0,,内税,,,,日本交通　タクシー代
,2014/12/29,721,旅費交通費,,,2260,180,8.0,内税,31.0,,,101,現金,,,2440,0,,内税,,,,日本自動車交通㈱　タクシー代
,2014/12/31,721,旅費交通費,,,1010,80,8.0,内税,31.0,,,101,現金,,,1090,0,0.0,内税,,,,イースタンモータース東京㈱　タクシー代
,2014/12/17,721,旅費交通費,,,649,51,8.0,内税,31.0,,,101,現金,,,700,0,,内税,,,,三井のリパーク　駐車場代
,2014/12/20,721,旅費交通費,,,741,59,8.0,内税,31.0,,,101,現金,,,800,0,,内税,,,,三井のリパーク　駐車場代
,2014/12/29,721,旅費交通費,,,1482,118,8.0,内税,31.0,,,101,現金,,,1600,0,,内税,,,,武蔵小杉コインパーキング　駐車場代
,2014/12/12,721,旅費交通費,,,4630,370,8.0,内税,31.0,,,101,現金,,,5000,0,,内税,,,,東京メトロ　チャージ代
,2014/12/19,721,旅費交通費,,,926,74,8.0,内税,31.0,,,101,現金,,,1000,0,,内税,,,,東京急行電鉄㈱　チャージ代
,2014/12/31,721,旅費交通費,,,1463,117,8.0,内税,31.0,,,101,現金,,,1580,0,,内税,,,,JR東日本　乗車券
,2014/12/04,613,材料仕入,,,3090,247,8.0,内税,31.0,,,101,現金,,,3337,0,0.0,内税,,,,㈱モノタロウ　材料代
,2014/12/01,728,事務用品費,,,344,27,8.0,内税,31.0,,,101,現金,,,371,0,,内税,,,,文具のクリップ　捺印マット
,2014/12/03,723,通信費,,,658,52,8.0,内税,31.0,,,101,現金,,,710,0,,内税,,,,ローソン　宅配便送料（モノタロウ返品）
,2014/12/03,722,消耗品費,,,1389,111,8.0,内税,31.0,,,101,現金,,,1500,0,,内税,,,,無印良品　タッチパネル手袋
,2014/12/16,122,みずほ中目黒,,,2257,0,0.0,内税,,,,613,材料仕入,,,2090,167,8.0,内税,31.0,,,㈱モノタロー　材料代返金
,2014/12/13,722,消耗品費,,,245,19,8.0,内税,31.0,,,101,現金,,,264,0,,内税,,,,ドン・キホーテ　　消耗品費
,2014/12/13,722,消耗品費,,,1480,118,8.0,内税,31.0,,,101,現金,,,1598,0,0.0,内税,,,,ドン・キホーテ　消耗品費
,2014/12/09,613,材料仕入,,,16900,1352,8.0,内税,31.0,,,122,みずほ中目黒,,,18252,0,0.0,内税,,,,トラスコ中山㈱　材料代　ダイケンドアハンガー
,2014/12/21,728,事務用品費,,,6503,520,8.0,内税,31.0,,,101,現金,,,7023,0,,内税,,,,東急ハンズ　名刺ファイル他
,2014/12/28,722,消耗品費,,,1600,128,8.0,内税,31.0,,,101,現金,,,1728,0,,内税,,,,ファミリーマート　MFケーブル
,2014/12/30,733,支払手数料,,,80000,6400,8.0,内税,31.0,,,122,みずほ中目黒,,,86400,0,,内税,,,,さくら中央税理士法人　記帳代行料金
,2014/11/11,101,現金,,,30000,0,0.0,内税,,,,122,みずほ中目黒,,,30000,0,0.0,内税,,,,現金引出
,2014/11/23,101,現金,,,30000,0,0.0,内税,,,,122,みずほ中目黒,,,30000,0,0.0,内税,,,,現金引出
,2014/11/23,733,支払手数料,,,200,16,8.0,内税,31.0,,,122,みずほ中目黒,,,216,0,,内税,,,,夜間引出手数料
,2014/11/26,122,みずほ中目黒,,,150000,0,,内税,,,,166,売掛金,,,150000,0,,内税,,,,㈱MOTO　売掛金回収
,2014/11/26,186,仮払金,,,15315,0,,内税,,,,122,みずほ中目黒,,,15315,0,,内税,,,,㈱MOTO　仮払源泉所得税
,2014/11/26,101,現金,,,250000,0,0.0,内税,,,,122,みずほ中目黒,,,250000,0,0.0,内税,,,,現金引出
,2014/11/29,101,現金,,,30000,0,0.0,内税,,,,122,みずほ中目黒,,,30000,0,0.0,内税,,,,現金引出
,2014/11/29,733,支払手数料,,,200,16,8.0,内税,31.0,,,122,みずほ中目黒,,,216,0,,内税,,,,時間外引出手数料
,2014/12/08,101,現金,,,30000,0,,内税,,,,122,みずほ中目黒,,,30000,0,,内税,,,,現金引出
,2014/12/08,733,支払手数料,,,100,8,8.0,内税,31.0,,,122,みずほ中目黒,,,108,0,0.0,内税,,,,時間外引出手数料
,2014/12/19,185,立替金,,,16200,0,,内税,,,,122,みずほ中目黒,,,16200,0,,内税,,,,㈱ドンボ　誤送金
,2014/12/19,733,支払手数料,,,300,24,8.0,内税,31.0,,,122,みずほ中目黒,,,324,0,,内税,,,,振込手数料　㈱トンボ
,2014/12/19,122,みずほ中目黒,,,16200,0,,内税,,,,185,立替金,,,16200,0,,内税,,,,㈱トンボ　誤送金返金
,2014/12/22,122,みずほ中目黒,,,1309500,0,0.0,内税,,,,315,未成工事受入金,,,1309500,0,0.0,内税,,,,㈱ヒトバデザイン　未成工事受入金　本郷
,2014/12/23,176,未成工事支出金,,,16038,0,0.0,内税,,,,122,みずほ中目黒,,,16038,0,0.0,内税,,,,本郷　㈱ヨドバシカメラ　現場経費
,2014/12/23,176,未成工事支出金,,,26342,0,0.0,内税,,,,122,みずほ中目黒,,,26342,0,0.0,内税,,,,本郷　モリヨシコ　材料ホワイトボード
,2014/12/23,176,未成工事支出金,,,16200,0,0.0,内税,,,,122,みずほ中目黒,,,16200,0,0.0,内税,,,,本郷　㈱トンボ　材料費MDF
,2014/12/23,733,支払手数料,,,800,64,8.0,内税,31.0,,,122,みずほ中目黒,,,864,0,,内税,,,,振込手数料　12月23日3件分
,2014/12/23,101,現金,,,500000,0,,内税,,,,122,みずほ中目黒,,,500000,0,,内税,,,,現金引出
,2014/12/23,733,支払手数料,,,100,8,8.0,内税,31.0,,,122,みずほ中目黒,,,108,0,,内税,,,,時間外手数料
,2014/12/24,176,未成工事支出金,,,61520,0,0.0,内税,,,,122,みずほ中目黒,,,61520,0,0.0,内税,,,,本郷　㈱ニッシンイクス　外注費
,2014/12/24,176,未成工事支出金,,,48600,0,0.0,内税,,,,122,みずほ中目黒,,,48600,0,0.0,内税,,,,本郷　㈱ネオ　外注費
,2014/12/24,176,未成工事支出金,,,26013,0,0.0,内税,,,,122,みずほ中目黒,,,26013,0,0.0,内税,,,,本郷　フェリチタ㈱　外注費
,2014/12/25,122,みずほ中目黒,,,255000,0,0.0,内税,,,,166,売掛金,,,255000,0,0.0,内税,,,,㈱MOTO　売掛金回収
,2014/12/25,186,仮払金,,,26035,0,0.0,内税,,,,122,みずほ中目黒,,,26035,0,0.0,内税,,,,㈱MOTO　仮払源泉所得税
,2014/12/24,733,支払手数料,,,900,72,8.0,内税,31.0,,,122,みずほ中目黒,,,972,0,0.0,内税,,,,振込手数料　12月24日2件
,2014/12/26,176,未成工事支出金,,,10851,0,0.0,内税,,,,122,みずほ中目黒,,,10851,0,0.0,内税,,,,本郷　コシハイアンビジョン㈱　外注費
,2014/12/26,733,支払手数料,,,200,16,8.0,内税,31.0,,,122,みずほ中目黒,,,216,0,,内税,,,,振込手数料
,2014/12/29,176,未成工事支出金,,,54000,0,0.0,内税,,,,122,みずほ中目黒,,,54000,0,0.0,内税,,,,本郷　㈱ネオ　外注費
,2014/12/29,733,支払手数料,,,400,32,8.0,内税,31.0,,,122,みずほ中目黒,,,432,0,,内税,,,,振込手数料　㈱ネオ
,2014/12/30,176,未成工事支出金,,,130032,0,0.0,内税,,,,122,みずほ中目黒,,,130032,0,0.0,内税,,,,本郷　村田ガラス　ガラス取付工事
,2014/12/30,733,支払手数料,,,400,32,8.0,内税,31.0,,,122,みずほ中目黒,,,432,0,,内税,,,,振込手数料　ムラタショウゾウ
,2014/12/30,101,現金,,,250000,0,,内税,,,,122,みずほ中目黒,,,250000,0,,内税,,,,現金引出　
,2014/12/31,101,現金,,,100000,0,0.0,内税,,,,122,みずほ中目黒,,,100000,0,0.0,内税,,,,現金引出
,2014/12/31,733,支払手数料,,,200,16,8.0,内税,31.0,,,122,みずほ中目黒,,,216,0,,内税,,,,時間外引出手数料
19.0,2014/11/10,0,,,,34291,0,,内税,,,,124,目黒信用金庫,,,34291,0,,内税,,,,目黒信用金庫　証書借入金返済
19.0,2014/11/10,352,長期借入金,1.0,目黒信金200万口,33000,0,,内税,,,,0,,,,33000,0,,内税,,,,目黒信金200万口
19.0,2014/11/10,821,支払利息,1.0,目黒信金200万口,1291,0,,内税,34.0,,,0,,,,1291,0,,内税,,,,目黒信金200万口
20.0,2014/12/10,0,,,,34228,0,,内税,,,,124,目黒信用金庫,,,34228,0,,内税,,,,目黒信用金庫　証書借入金返済
20.0,2014/12/10,352,長期借入金,1.0,目黒信金200万口,33000,0,,内税,,,,0,,,,33000,0,,内税,,,,目黒信金200万口
20.0,2014/12/10,821,支払利息,1.0,目黒信金200万口,1228,0,,内税,34.0,,,0,,,,1228,0,,内税,,,,目黒信金200万口
,2014/12/13,101,現金,,,50000,0,0.0,内税,,,,124,目黒信用金庫,,,50000,0,0.0,内税,,,,現金引出
,2014/12/17,101,現金,,,100000,0,,内税,,,,124,目黒信用金庫,,,100000,0,,内税,,,,現金引出
,2014/04/30,186,仮払金,,,57278,0,,内税,,,,122,みずほ中目黒,,,57278,0,,内税,,,,㈱ディ・リンクス　仮払源泉所得税
,2014/12/31,733,支払手数料,,,200,16,8.0,内税,31.0,,,122,みずほ中目黒,,,216,0,,内税,,,,振込手数料　さくら中央税理士法人
,2014/12/26,176,未成工事支出金,,,29000,0,,内税,,,,101,現金,,,29000,0,,内税,,,,本郷　JFE環境㈱
,2014/12/31,176,未成工事支出金,,,22464,0,,内税,,,,101,現金,,,22464,0,,内税,,,,本郷　㈱トヨタレンタリース東京
,2014/12/26,176,未成工事支出金,,,14034,0,,内税,,,,101,現金,,,14034,0,,内税,,,,本郷　㈱トヨタレンタリース東京
,2014/12/31,176,未成工事支出金,,,4104,0,,内税,,,,101,現金,,,4104,0,,内税,,,,本郷　ENEOS
,2014/12/17,176,未成工事支出金,,,2100,0,,内税,,,,101,現金,,,2100,0,,内税,,,,本郷　ニチエーパーク桜丘町
,2014/12/23,176,未成工事支出金,,,600,0,0.0,内税,,,,101,現金,,,600,0,0.0,内税,,,,本郷　三井のリパーク
,2014/12/20,176,未成工事支出金,,,3300,0,,内税,,,,101,現金,,,3300,0,,内税,,,,本郷　パークジャパン本郷第3
,2014/12/24,176,未成工事支出金,,,600,0,0.0,内税,,,,101,現金,,,600,0,0.0,内税,,,,本郷　三井のリパーク
,2014/12/24,176,未成工事支出金,,,2500,0,0.0,内税,,,,101,現金,,,2500,0,0.0,内税,,,,本郷　㈱オートリ
,2014/12/26,176,未成工事支出金,,,600,0,,内税,,,,101,現金,,,600,0,,内税,,,,本郷　J・PARK西麻布第4
,2014/12/30,176,未成工事支出金,,,800,0,,内税,,,,101,現金,,,800,0,,内税,,,,本郷　三井のリパーク
,2014/12/31,176,未成工事支出金,,,800,0,,内税,,,,101,現金,,,800,0,,内税,,,,本郷　三井のリパーク
,2014/12/18,176,未成工事支出金,,,2757,0,,内税,,,,101,現金,,,2757,0,,内税,,,,本郷　東急ハンズ
,2014/12/26,176,未成工事支出金,,,518,0,,内税,,,,101,現金,,,518,0,,内税,,,,本郷　ファミリーマート
,2014/12/28,176,未成工事支出金,,,2679,0,,内税,,,,101,現金,,,2679,0,,内税,,,,本郷　東急ハンズ
,2014/12/30,176,未成工事支出金,,,35722,0,,内税,,,,101,現金,,,35722,0,,内税,,,,本郷　㈱LIXILビバ
,2014/12/30,176,未成工事支出金,,,976,0,,内税,,,,101,現金,,,976,0,,内税,,,,本郷　Olympic
,2014/12/18,176,未成工事支出金,,,28468,0,,内税,,,,101,現金,,,28468,0,,内税,,,,西荻窪　コーナン商事㈱
,2014/12/19,176,未成工事支出金,,,2372,0,,内税,,,,101,現金,,,2372,0,,内税,,,,西荻窪　Olympic
,2014/12/20,176,未成工事支出金,,,1581,0,,内税,,,,101,現金,,,1581,0,,内税,,,,西荻窪　㈱LIXILビバ
,2014/12/26,176,未成工事支出金,,,45223,0,,内税,,,,101,現金,,,45223,0,,内税,,,,西荻窪　コーナン商事㈱
,2014/12/26,176,未成工事支出金,,,5470,0,,内税,,,,101,現金,,,5470,0,,内税,,,,西荻窪　㈱松永商店
,2014/12/27,176,未成工事支出金,,,3704,0,,内税,,,,101,現金,,,3704,0,,内税,,,,西荻窪　Olympic
,2014/12/30,176,未成工事支出金,,,80000,0,,内税,,,,101,現金,,,80000,0,,内税,,,,西荻窪　島津明
,2014/12/18,176,未成工事支出金,,,23491,0,,内税,,,,101,現金,,,23491,0,,内税,,,,西荻窪　㈱トヨタレンタリース東京
,2014/12/24,176,未成工事支出金,,,42336,0,,内税,,,,101,現金,,,42336,0,,内税,,,,西荻窪　㈱トヨタレンタリース東京
,2014/12/24,176,未成工事支出金,,,3727,0,,内税,,,,101,現金,,,3727,0,,内税,,,,西荻窪　シンエネ商事㈱
,2014/12/19,176,未成工事支出金,,,800,0,,内税,,,,101,現金,,,800,0,,内税,,,,西荻窪　ナビパーク
,2014/12/17,176,未成工事支出金,,,1200,0,,内税,,,,101,現金,,,1200,0,,内税,,,,西荻窪　ナビパーク
,2014/12/24,176,未成工事支出金,,,300,0,,内税,,,,101,現金,,,300,0,,内税,,,,西荻窪　エコロパーク
,2014/12/21,176,未成工事支出金,,,800,0,,内税,,,,101,現金,,,800,0,,内税,,,,西荻窪　ナビパーク
,2014/12/18,176,未成工事支出金,,,2400,0,,内税,,,,101,現金,,,2400,0,,内税,,,,西荻窪　海岸第1
,2014/12/18,176,未成工事支出金,,,600,0,,内税,,,,101,現金,,,600,0,,内税,,,,西荻窪　エコロパーク
,2014/12/23,176,未成工事支出金,,,800,0,,内税,,,,101,現金,,,800,0,,内税,,,,西荻窪　三井のリパーク
,2014/12/21,176,未成工事支出金,,,800,0,,内税,,,,101,現金,,,800,0,,内税,,,,西荻窪　三井のリパーク
,2014/12/24,176,未成工事支出金,,,1000,0,,内税,,,,101,現金,,,1000,0,,内税,,,,西荻窪　ナビパーク
,2014/12/21,176,未成工事支出金,,,600,0,,内税,,,,101,現金,,,600,0,,内税,,,,西荻窪　三井のリパーク
,2014/12/21,176,未成工事支出金,,,130,0,,内税,,,,101,現金,,,130,0,,内税,,,,西荻窪　ファミリーマート
,2014/12/21,176,未成工事支出金,,,700,0,,内税,,,,101,現金,,,700,0,,内税,,,,西荻窪　プリントショップPURE
,2014/12/17,176,未成工事支出金,,,3150,0,,内税,,,,101,現金,,,3150,0,,内税,,,,西荻窪　喜久屋金物店
,2014/12/17,176,未成工事支出金,,,1450,0,,内税,,,,101,現金,,,1450,0,,内税,,,,西荻窪　喜久屋金物店
,2014/12/17,176,未成工事支出金,,,1040,0,,内税,,,,101,現金,,,1040,0,,内税,,,,西荻窪　喜久屋金物店
,2014/12/23,176,未成工事支出金,,,143,0,,内税,,,,101,現金,,,143,0,,内税,,,,西荻窪　Tomod's
,2014/12/17,176,未成工事支出金,,,200,0,,内税,,,,101,現金,,,200,0,,内税,,,,西荻窪　ファミリーマート
,2014/12/18,176,未成工事支出金,,,32000,0,,内税,,,,101,現金,,,32000,0,,内税,,,,西荻窪　JFE環境㈱
,2014/12/30,176,未成工事支出金,,,121400,0,,内税,,,,101,現金,,,121400,0,,内税,,,,西荻窪　宇根司
,2014/12/22,721,旅費交通費,,,1389,111,8.0,内税,31.0,,,101,現金,,,1500,0,,内税,,,,日本空港ビルデング㈱　駐車場代
,2014/12/22,721,旅費交通費,,,1250,100,8.0,内税,31.0,,,101,現金,,,1350,0,,内税,,,,㈲からまつハイヤー　タクシー代
,2014/12/22,721,旅費交通費,,,1075,85,8.0,内税,31.0,,,101,現金,,,1160,0,,内税,,,,JR北海道　乗車券代
,2014/12/17,721,旅費交通費,,,35630,2850,8.0,内税,31.0,,,101,現金,,,38480,0,0.0,内税,,,,JAL　航空券代
,2014/12/22,721,旅費交通費,,,760,60,8.0,内税,31.0,,,101,現金,,,820,0,,内税,,,,函館帝産バス　バス代
,2014/12/22,721,旅費交通費,,,500,40,8.0,内税,31.0,,,101,現金,,,540,0,,内税,,,,北海道旅客鉄道㈱　乗車券代
,2014/01/06,0,,,,27191,0,0.0,内税,,,,101,現金,,,27191,0,0.0,内税,,,,ルミネカード
,2014/02/04,0,,,,51304,0,0.0,内税,,,,101,現金,,,51304,0,0.0,内税,,,,ルミネカード
,2014/03/04,0,,,,72646,0,0.0,内税,,,,101,現金,,,72646,0,0.0,内税,,,,ルミネカード
,2014/04/04,0,,,,45586,0,0.0,内税,,,,101,現金,,,45586,0,0.0,内税,,,,ルミネカード
,2014/06/04,0,,,,104579,0,0.0,内税,,,,101,現金,,,104579,0,0.0,内税,,,,ルミネカード
,2014/07/04,0,,,,38422,0,0.0,内税,,,,101,現金,,,38422,0,0.0,内税,,,,ルミネカード
,2014/08/04,0,,,,73794,0,0.0,内税,,,,101,現金,,,73794,0,0.0,内税,,,,ルミネカード
,2014/10/06,0,,,,38614,0,0.0,内税,,,,101,現金,,,38614,0,0.0,内税,,,,ルミネカード
,2014/11/04,0,,,,77953,0,0.0,内税,,,,101,現金,,,77953,0,0.0,内税,,,,ルミネカード
,2014/12/04,0,,,,28274,0,0.0,内税,,,,101,現金,,,28274,0,0.0,内税,,,,ルミネカード
,2014/11/20,166,売掛金,,,255000,0,,内税,,,,511,売上高,,,236112,18888,8.0,内税,11.0,,,㈱MOTO　
,2014/99/31,821,支払利息,1.0,目黒信金200万口,2566,0,,内税,34.0,,,244,長期前払費用,,,2566,0,,内税,,,,東京信用保証協会　保証料振替
,2014/01/06,189,事業主貸,,,27191,0,0.0,内税,,,,0,,,,27191,0,0.0,内税,,,,弓削学
,2014/02/04,189,事業主貸,,,51304,0,0.0,内税,,,,0,,,,51304,0,0.0,内税,,,,弓削学
,2014/03/04,722,消耗品費,,,7556,377,5.0,内税,31.0,,,0,,,,7933,0,0.0,内税,,,,1/5AMAZON
,2014/03/04,726,接待交際費,,,6633,331,5.0,内税,31.0,,,0,,,,6964,0,0.0,内税,,,,1/19南翔饅頭店
,2014/03/04,726,接待交際費,,,2841,142,5.0,内税,31.0,,,0,,,,2983,0,0.0,内税,,,,1/21バンコク屋台KHAOSAN
,2014/03/04,722,消耗品費,,,5696,284,5.0,内税,31.0,,,0,,,,5980,0,0.0,内税,,,,1/27AMAZON
,2014/03/04,189,事業主貸,,,48786,0,0.0,内税,,,,0,,,,48786,0,0.0,内税,,,,弓削学
,2014/04/04,723,通信費,,,778,62,8.0,内税,31.0,,,0,,,,840,0,0.0,内税,,,,1/30ぷらら
,2014/04/04,189,事業主貸,,,44746,0,0.0,内税,,,,0,,,,44746,0,0.0,内税,,,,弓削学
,2014/05/07,0,,,,51523,0,,内税,,,,101,現金,,,51523,0,,内税,,,,ルミネカード
,2014/05/07,721,旅費交通費,,,5510,440,8.0,内税,31.0,,,0,,,,5950,0,0.0,内税,,,,2月分ETC
,2014/05/07,723,通信費,,,778,62,8.0,内税,31.0,,,0,,,,840,0,0.0,内税,,,,2/27ぷらら
,2014/05/07,721,旅費交通費,,,11075,885,8.0,内税,31.0,,,0,,,,11960,0,0.0,内税,,,,3/1乗車券代
,2014/05/07,189,事業主貸,,,32773,0,,内税,,,,0,,,,32773,0,,内税,,,,弓削学
,2014/06/04,722,消耗品費,,,1167,93,8.0,内税,31.0,,,0,,,,1260,0,0.0,内税,,,,3/28AMAZON
,2014/06/04,723,通信費,,,778,62,8.0,内税,31.0,,,0,,,,840,0,0.0,内税,,,,3/28ぷらら
,2014/06/04,723,通信費,,,362,28,8.0,内税,31.0,,,0,,,,390,0,,内税,,,,3/29AMAZON
,2014/06/04,721,旅費交通費,,,2778,222,8.0,内税,31.0,,,0,,,,3000,0,0.0,内税,,,,4/27チャージ代
,2014/06/04,742,諸会費,,,1030,0,,内税,,,,0,,,,1030,0,,内税,,,,4/30カード年会費
,2014/06/04,742,諸会費,,,515,0,,内税,,,,0,,,,515,0,,内税,,,,4/30ETCカード年会費
,2014/06/04,189,事業主貸,,,97544,0,,内税,,,,0,,,,97544,0,,内税,,,,弓削学
,2014/07/04,723,通信費,,,800,64,8.0,内税,31.0,,,0,,,,864,0,,内税,,,,4/28ぷらら
,2014/07/04,722,消耗品費,,,521,41,8.0,内税,31.0,,,0,,,,562,0,,内税,,,,5/11AMAZON
,2014/07/04,189,事業主貸,,,36996,0,,内税,,,,0,,,,36996,0,,内税,,,,弓削学
,2014/08/04,723,通信費,,,800,64,8.0,内税,31.0,,,0,,,,864,0,,内税,,,,5/29ぷらら
,2014/08/04,722,消耗品費,,,8238,658,8.0,内税,31.0,,,0,,,,8896,0,,内税,,,,6/5清潔キレイ館
,2014/08/04,721,旅費交通費,,,1000,80,8.0,内税,31.0,,,0,,,,1080,0,,内税,,,,6月分ETC
,2014/08/04,722,消耗品費,,,2130,170,8.0,内税,31.0,,,0,,,,2300,0,,内税,,,,6/15AMAZON
,2014/08/04,744,雑費,,,36065,2885,8.0,内税,31.0,,,0,,,,38950,0,0.0,内税,,,,6/20NHK　23年12月～26年７月分
,2014/08/04,189,事業主貸,,,21704,0,,内税,,,,0,,,,21704,0,,内税,,,,弓削学
,2014/09/04,0,,,,34756,0,,内税,,,,101,現金,,,34756,0,,内税,,,,ルミネカード
,2014/09/04,721,旅費交通費,,,3973,317,8.0,内税,31.0,,,0,,,,4290,0,0.0,内税,,,,6月分ETC
,2014/09/04,723,通信費,,,800,64,8.0,内税,31.0,,,0,,,,864,0,0.0,内税,,,,6/27ぷらら
,2014/09/04,722,消耗品費,,,1706,136,8.0,内税,31.0,,,0,,,,1842,0,0.0,内税,,,,7/12AMAZON
,2014/09/04,742,諸会費,,,3900,0,0.0,内税,0.0,,,0,,,,3900,0,0.0,内税,,,,7/27アマゾンプライム年会費
,2014/09/04,721,旅費交通費,,,9260,740,8.0,内税,31.0,,,0,,,,10000,0,0.0,内税,,,,7/28チャージ代
,2014/09/04,189,事業主貸,,,13860,0,,内税,,,,0,,,,13860,0,,内税,,,,弓削学
,2014/10/06,721,旅費交通費,,,10038,802,8.0,内税,31.0,,,0,,,,10840,0,,内税,,,,7月分ETC
,2014/10/06,723,通信費,,,800,64,8.0,内税,31.0,,,0,,,,864,0,,内税,,,,7/30ぷらら
,2014/10/06,721,旅費交通費,,,11389,911,8.0,内税,31.0,,,0,,,,12300,0,0.0,内税,,,,8/13乗車券代
,2014/10/06,189,事業主貸,,,14610,0,,内税,,,,0,,,,14610,0,,内税,,,,弓削学
,2014/11/04,723,通信費,,,921,73,8.0,内税,31.0,,,0,,,,994,0,,内税,,,,8/6オナマエドットコム
,2014/11/04,723,通信費,,,3600,288,8.0,内税,31.0,,,0,,,,3888,0,,内税,,,,8/21ドメインキング
,2014/11/04,723,通信費,,,800,64,8.0,内税,31.0,,,0,,,,864,0,,内税,,,,8/28ぷらら
,2014/11/04,721,旅費交通費,,,9260,740,8.0,内税,31.0,,,0,,,,10000,0,0.0,内税,,,,9/1チャージ代
,2014/11/04,721,旅費交通費,,,426,34,8.0,内税,31.0,,,0,,,,460,0,,内税,,,,9月分ETC
,2014/11/04,722,消耗品費,,,4426,354,8.0,内税,31.0,,,0,,,,4780,0,0.0,内税,,,,9/24リフォームシート屋貼りっぱくん
,2014/11/04,721,旅費交通費,,,4630,370,8.0,内税,31.0,,,0,,,,5000,0,0.0,内税,,,,9/24チャージ代
,2014/11/04,189,事業主貸,,,51967,0,,内税,,,,0,,,,51967,0,,内税,,,,弓削学
,2014/12/04,721,旅費交通費,,,1149,91,8.0,内税,31.0,,,0,,,,1240,0,,内税,,,,9月分ETC
,2014/12/04,723,通信費,,,800,64,8.0,内税,31.0,,,0,,,,864,0,,内税,,,,9/29ぷらら
,2014/12/04,721,旅費交通費,,,5380,430,8.0,内税,31.0,,,0,,,,5810,0,,内税,,,,10/6乗車券代
,2014/12/04,721,旅費交通費,,,9260,740,8.0,内税,31.0,,,0,,,,10000,0,0.0,内税,,,,10/17チャージ代
,2014/12/04,189,事業主貸,,,10360,0,,内税,,,,0,,,,10360,0,,内税,,,,弓削学
,2014/12/31,0,,,,61852,0,,内税,,,,317,未払費用,,,61852,0,,内税,,,,未払計上　ルミネカード1/5決済
,2014/12/31,723,通信費,,,800,64,8.0,内税,31.0,,,0,,,,864,0,,内税,,,,10/30ぷらら
,2014/12/31,721,旅費交通費,,,9260,740,8.0,内税,31.0,,,0,,,,10000,0,,内税,,,,11/4チャージ
,2014/12/31,722,消耗品費,,,1100,88,8.0,内税,31.0,,,0,,,,1188,0,,内税,,,,11/10アマゾン
,2014/12/31,722,消耗品費,,,1649,131,8.0,内税,31.0,,,0,,,,1780,0,0.0,内税,,,,11/10アマゾン　防水スプレー
,2014/12/31,722,消耗品費,,,1649,131,8.0,内税,31.0,,,0,,,,1780,0,0.0,内税,,,,11/10アマゾン　防水スプレー
,2014/12/31,721,旅費交通費,,,9260,740,8.0,内税,31.0,,,0,,,,10000,0,,内税,,,,11/26チャージ
,2014/12/31,189,事業主貸,,,36240,0,,内税,,,,0,,,,36240,0,,内税,,,,弓削学
,2014/12/31,0,,,,55620,0,,内税,,,,317,未払費用,,,55620,0,,内税,,,,未払計上　ルミネカード2/4
,2014/12/31,721,旅費交通費,,,1732,138,8.0,内税,31.0,,,0,,,,1870,0,0.0,内税,,,,11/21ETC
,2014/12/31,723,通信費,,,800,64,8.0,内税,31.0,,,0,,,,864,0,,内税,,,,11/27ぷらら
,2014/12/31,722,消耗品費,,,1675,134,8.0,内税,31.0,,,0,,,,1809,0,,内税,,,,12/10アマゾン
,2014/12/31,722,消耗品費,,,2019,161,8.0,内税,31.0,,,0,,,,2180,0,,内税,,,,12/18アドビシステム
,2014/12/31,721,旅費交通費,,,9260,740,8.0,内税,31.0,,,0,,,,10000,0,,内税,,,,12/19チャージ
,2014/12/31,728,事務用品費,,,1389,111,8.0,内税,31.0,,,0,,,,1500,0,0.0,内税,,,,12/23アマゾン　インクカートリッジ
,2014/12/31,721,旅費交通費,,,8797,703,8.0,内税,31.0,,,0,,,,9500,0,,内税,,,,12/31JR東日本乗車券
,2014/12/31,722,消耗品費,,,472,37,8.0,内税,31.0,,,0,,,,509,0,,内税,,,,11/29アマゾン
,2014/12/31,722,消耗品費,,,344,27,8.0,内税,31.0,,,0,,,,371,0,,内税,,,,12/1アマゾン
,2014/12/31,722,消耗品費,,,700,56,8.0,内税,31.0,,,0,,,,756,0,,内税,,,,12/4アマゾン
,2014/12/31,730,新聞図書費,,,4419,0,0.0,内税,34.0,,,0,,,,4419,0,0.0,内税,,,,12/4アマゾン　デザイン図書
,2014/12/31,722,消耗品費,,,1384,110,8.0,内税,31.0,,,0,,,,1494,0,,内税,,,,12/8雑貨やﾌﾘｰ店
,2014/12/31,189,事業主貸,,,20348,0,,内税,,,,0,,,,20348,0,,内税,,,,弓削学
,2014/12/31,0,,,,5418,0,,内税,,,,317,未払費用,,,5418,0,,内税,,,,未払計上　ルミネカード3/4
,2014/12/31,721,旅費交通費,,,667,53,8.0,内税,31.0,,,0,,,,720,0,,内税,,,,12/18ETC
,2014/12/31,721,旅費交通費,,,565,45,8.0,内税,31.0,,,0,,,,610,0,,内税,,,,12/20ETC
,2014/12/31,723,通信費,,,800,64,8.0,内税,31.0,,,0,,,,864,0,0.0,内税,,,,12/25ぷらら
,2014/12/31,721,旅費交通費,,,1426,114,8.0,内税,31.0,,,0,,,,1540,0,0.0,内税,,,,12/26ETC
,2014/12/31,721,旅費交通費,,,667,53,8.0,内税,31.0,,,0,,,,720,0,,内税,,,,12/29ETC
,2014/12/31,189,事業主貸,,,964,0,,内税,,,,0,,,,964,0,,内税,,,,弓削学
,2014/12/18,0,,,,10737,0,,内税,,,,121,みずほ恵比寿,,,10737,0,,内税,,,,ポケットカード
,2014/12/18,726,接待交際費,,,9875,790,8.0,内税,31.0,,,0,,,,10665,0,,内税,,,,10/3小割烹おはし
,2014/12/18,189,事業主貸,,,72,0,,内税,,,,0,,,,72,0,,内税,,,,ポケットカード遅延利息
,2014/11/06,101,現金,,,20000,0,,内税,,,,121,みずほ恵比寿,,,20000,0,,内税,,,,現金引出
,2014/11/12,189,事業主貸,,,15472,0,,内税,,,,121,みずほ恵比寿,,,15472,0,,内税,,,,オリエントコーポレーション
,2014/11/21,101,現金,,,20000,0,,内税,,,,121,みずほ恵比寿,,,20000,0,,内税,,,,現金引出
,2014/11/26,121,みずほ恵比寿,,,110000,0,,内税,,,,101,現金,,,110000,0,,内税,,,,現金預入
,2014/11/26,121,みずほ恵比寿,,,10000,0,,内税,,,,101,現金,,,10000,0,,内税,,,,現金預入
,2014/11/27,189,事業主貸,,,15000,0,,内税,,,,121,みずほ恵比寿,,,15000,0,,内税,,,,オリエントコーポレーション
,2014/12/17,101,現金,,,7000,0,,内税,,,,121,みずほ恵比寿,,,7000,0,,内税,,,,現金引出
,2014/12/17,189,事業主貸,,,108,0,,内税,,,,121,みずほ恵比寿,,,108,0,,内税,,,,時間外引出手数料
,2014/12/18,121,みずほ恵比寿,,,13000,0,,内税,,,,101,現金,,,13000,0,,内税,,,,現金預入
,2014/12/18,189,事業主貸,,,324,0,0.0,内税,,,,121,みずほ恵比寿,,,324,0,0.0,内税,,,,時間外預入手数料
,2014/12/30,121,みずほ恵比寿,,,30530,0,,内税,,,,101,現金,,,30530,0,,内税,,,,現金預入
,2014/12/31,189,事業主貸,,,33011,0,,内税,,,,121,みずほ恵比寿,,,33011,0,,内税,,,,弓削学へ振替
,2014/01/01,101,現金,,,150000,0,0.0,内税,,,,189,事業主貸,,,150000,0,0.0,内税,,,,弓削学　　期首現金
,2014/03/17,189,事業主貸,,,97800,0,,内税,,,,101,現金,,,97800,0,,内税,,,,目黒税務署　申告所得税（口座振替不能）
,2014/03/01,101,現金,,,100000,0,,内税,,,,189,事業主貸,,,100000,0,,内税,,,,弓削学　事業主より
,2014/03/17,101,現金,,,100000,0,,内税,,,,189,事業主貸,,,100000,0,,内税,,,,弓削学　事業主より
,2014/04/30,189,事業主貸,,,100000,0,,内税,,,,101,現金,,,100000,0,,内税,,,,弓削学　生活費
,2014/06/30,189,事業主貸,,,100000,0,,内税,,,,101,現金,,,100000,0,,内税,,,,弓削学　生活費
,2014/07/31,189,事業主貸,,,100000,0,,内税,,,,101,現金,,,100000,0,,内税,,,,弓削学　生活費
,2014/08/31,189,事業主貸,,,100000,0,,内税,,,,101,現金,,,100000,0,,内税,,,,弓削学　生活費
,2014/09/01,101,現金,,,100000,0,,内税,,,,189,事業主貸,,,100000,0,,内税,,,,弓削学　事業主より
,2014/10/31,189,事業主貸,,,200000,0,0.0,内税,,,,101,現金,,,200000,0,0.0,内税,,,,弓削学　生活費
,2014/11/30,189,事業主貸,,,200000,0,0.0,内税,,,,101,現金,,,200000,0,0.0,内税,,,,弓削学　生活費
,2014/12/31,189,事業主貸,,,200000,0,0.0,内税,,,,101,現金,,,200000,0,0.0,内税,,,,弓削学　生活費
,2014/03/06,101,現金,,,156000,0,,内税,,,,166,売掛金,,,156000,0,,内税,,,,㈱リョウテック　売掛金回収（前仮充当）
,2014/99/31,189,事業主貸,,,40656,0,,内税,,,,724,水道光熱費,,,37645,3011,8.0,内税,31.0,,,弓削学　ガス代７０％を事業主に振替
